review_id,source,source_object_id,text_cleaned,rating_normalized,language,review_date
yandex_1244089476_16503016235cabb9,yandex,1244089476,"Не знаю кому как ? Но мне нравится гостиницы Советского прошлого. Здание фундаментальное, стены через которые не слышно соседей, можно выспаться, никто не тревожит всякими глупыми вопросам, всегда есть дежурная по этажу, на ресепшене всегда есть кто ответит на все вопросы, подскажет ближайшее кафе где не дорого и вкусно, ну прочее. Да интерьер желает улучшений, но постель и кровать достойного качества. Да порой напоминает другие гостиницы , ну там например Шымкент, или Уральск. Но всё же мне очень нравится останавливаться в таких гостиница. Да и с документами всё в порядке. Могут даже через курьера выслать. Так что ставлю ПЯТЬ звёзд.",5.0,ru,2025-10-06
yandex_1244089476_d9d8d086d5f589ac,yandex,1244089476,"Цена конечно самая выгодная в городе. Удачное месторасположения.Завтраки тоже нормальные. Но... Администраторы гостям не особо не рады. WI-FI работает плохо. Либо его вообще нет, либо работает с перерывами. Утюга нет. Телевизор не работает. Хочется верить, что после ремонта здесь будет все хорошо.",4.0,mixed,2026-04-28
yandex_1244089476_c63fa0c8ad8c5538,yandex,1244089476,"Отель расположен в удобном месте. Номера оборудованны всем необходимым,без излишеств удорожания. Цена очень демократичная,останавливаюсь не в первый раз. Персонал приветливый. Спасибо вам.",5.0,ru,2025-07-25
yandex_1244089476_3c720d308f31d0f9,yandex,1244089476,"Номер норм. Есть все,что необходимо. Чисто. Без посторонних запахов. Не взяли дополнительную плату за раннее заселение. Завтрак без излишеств, но достаточно вкусный.",5.0,ru,2025-03-24
yandex_1244089476_538798156f566d55,yandex,1244089476,"Неплохая гостиница если надо остановиться на пару дней. Чувствуется дух советского союза. Номер был чистый, весь набор для гигиены. Порадовал завтрак. Спасибо!",5.0,ru,2025-09-02
yandex_1244089476_ab1ae85059a9862c,yandex,1244089476,"Номер был теплый, чистый. С пузатым телевизором - прям детством повеяло. В общем, за очень демократичную цену можно переночевать. Для большего антуража советую посмотреть советскую комедию. Кстати, персонал был вежлив",5.0,ru,2025-11-28
yandex_1244089476_d08a0fbdb4def748,yandex,1244089476,"Дорогая гостиница. Цена не соответствует условиям. Все старое, и ремонт и мебель и рамы в окнах ( зимой в окна дует). 2 звезды ставлю за вкусный завтрак. Не рекомендую",2.0,ru,2025-03-10
yandex_1244089476_e6493097a7ea6b64,yandex,1244089476,"Не дорого, выглядит как назад в СССР, крутой антураж, приветливый персонал, видно стараются поддерживать порядок, несмотря на то что здание старше нас всех вместе взятых, прям музей",5.0,ru,2026-05-08
yandex_1244089476_7e2b0d3f046a1bbf,yandex,1244089476,"Гостиница на которую можно рассчитывать. Всегда есть свободные номера, за зданием гостиницы охраняемая стоянка, персонал вежливый, в номере чисто, горячая вода, полотенца чистые и туалетные принадлежности имеются.",4.0,ru,2024-09-14
yandex_1244089476_0b686cc23d2c1e2d,yandex,1244089476,"Отличный отель за свои деньги с уникальным антуражем. Очень чисто и опрятно, хотя мебель в большинстве своем не новая",5.0,ru,2025-10-17
yandex_1244089476_811c8899e707aadb,yandex,1244089476,"Хороший номер. Просторный. Уютный отель с этническими ""нотками"", с замечательным расположением. Внимательный песонал. Систематически производилась уборка номера. В ресторане был неплохой выбор блюд, приветливый персонал. В следующий раз, обязательно остановимся именно в этой гостинице.",5.0,ru,2023-08-04
yandex_1244089476_51cb8007ea10bb21,yandex,1244089476,"Не плохая гостиница за свои деньги. Для тех, кто ностальгирует по СССР прям ""доктор прописал"" - от архитектуры и лифта и до планировки - все как окно в Союз))). Если поеду с семьей, то остановится вполне не плохой вариант, не дорого и чисто",4.0,ru,2024-06-13
yandex_1244089476_1097e568cea6420a,yandex,1244089476,Отель требует реновации и ремонта. В целом чисто и соответствует цене. Выбор завтраков не большой. Персонал приветливый и хороший.,4.0,ru,2025-04-26
yandex_1244089476_f38a46a56c0fd3a1,yandex,1244089476,"Гостиница в тихом центре, рядом много магазинов, прекрасный рынок, в свободное вркмя можно прогуляться до парка и набережной. Номера самые обычные, но все чисто. Постельное белье свежее, идеально белое, плотное. Мыло, шампунь, гель, зубная щетка и разовая паста. В номере многоканальное телевидение, небольшой холодильник. Куллер в холле. В номере только стаканы, не очень удобно для чая, но у меня с собой была термокружка. Завтрак без разнообразия, каша, чай, булочки с маслом. За несколько дней командировки конечно поднадоело. В целом хороший вариант для моих задач,останавливаюсь не первый раз, удобно по расположению,бюджетно, гостеприимно.",5.0,ru,2022-10-14
yandex_1244089476_822e9272c50369eb,yandex,1244089476,"Нормальный отель типо советская гостиница. Есть все , что нужно, но без роскоши и скромно. В прошлом году цена была 8500т в этом году 10500т ничего не изменилось в лучшую сторону точно. Вайфай есть. Кулер с водой есть на этаже. Завтрак включен. В душе все есть. Для тех кому надо просто переночевать самое оно. Но цену зря подняли.",4.0,ru,2023-12-11
yandex_1244089476_33699747662d9520,yandex,1244089476,"Только для тех кто желает сэкономить, для комфортной жизни мало пригодно. Из крана часто ржавая вода. Руководство не вкладывается в ремонт гостиницы.",2.0,ru,2024-12-09
yandex_1244089476_7ced90676faf5ca5,yandex,1244089476,"Совдеп,грязь ,пыль, wi-fi не ловит обещанный .ванна для младенца ,еще и страшная акрил вещь слез .И это нам сказали люкс 😆Впечатлений конечно было много .Такое впечатление сложилось что номер последний раз убирали месяца 2 назад 🫣",2.0,mixed,2024-08-08
yandex_1244089476_9c699d5a09de0d23,yandex,1244089476,"Номера как в советское время, цены не соответствуют реальности. Туалеты, краны на воде протекают и гудят",3.0,ru,2025-10-29
yandex_1244089476_8d19f65d93a3426d,yandex,1244089476,"По цене вполне приемлемое место, есть завтраки. В номерах чисто, отличное белье, не мешало бы заменить предметы интерьера, конечно.",4.0,ru,2024-11-02
yandex_1244089476_6c532f88fdd50530,yandex,1244089476,"Гостиница из фильма ""Назад в СССР"", Чисто, уютно. Заселили в номер с одной большой кроватью (я и супруга), второй комплект полотенец не выдали, сказали номер одноместный.",4.0,ru,2024-10-06
yandex_1244089476_dbc2f957c4fef110,yandex,1244089476,"Ну, что сказать.. место для тех, кто хочет поностальгировать по временам СССР. Здание гостиницы из тех времён. В номерах стараются поддерживать чистоту и новизну оборудования. Люкс, к примеру, трехкомнатный с двумя санузлами и собственной столовой. Прикольно. Остановиться можно, если в других гостиницах нет мест. С обедом и завтраком тоже своеобразно. В местном баре готовят только ограниченное меню. Но, все-таки съедобно и дёшево. В целом, гостиница на малый бюджет.",4.0,ru,2023-03-21
yandex_1244089476_d7a47c724045d015,yandex,1244089476,"Гостиница в советском стиле. Потихоньку проводят модернизацию, но медленно. В улучшенном стандарте есть широкая кровать, кондиционер и совмещенный санузел(с очень короткой ванной). По цене, улучшенный стандарт стоит 9700тг/сутки. После 7 дней проживания идет скидка 10%. К сожалению что бы сразу заплатить за большой срок нужно долго уламывать девочек на ресепшене, ибо у них установочка ""больше чем за 3 дня разово оплату не принимать"". В стоимость включены завтраки. На завтрак обычно 2 каши, 2 гарнира, и сосиски куриные вареные. Есть булочки, и чай/кофе. Что бы получить завтрак, нужно предьявить дежурной по залу талон(получается на ресепшене). Талоны однодневные, надо постоянно брать новые, что не очень удобно. В целом, для стиля ""переночевал, пошел работать/учиться, пришел спать"" хороший вариант. Жить вполне можно. Влажную уборку делают каждый день. Постельное меняют раз в 3 дня.",5.0,ru,2020-03-31
yandex_1244089476_572c078a7ae0d654,yandex,1244089476,"Сам отель очень советский. Паркетный зашарпаннвй пол, красные ковровые дорожки. Номера старенькие и затхлым запахом. Старенько, но аккуратно и чисто. Белоснежное постельное белье и полотенца. Горячую воду сначала надо минут 30 пропустить, чтоб пошла горячая. На завтрак на выбор каша или сосиска, кофе или чай. Хлеб с маслом и сладкая булочка. В общем хороший эконом вариант за бюджетные деньги.",4.0,ru,2023-05-17
yandex_1244089476_cf692900a994090d,yandex,1244089476,"В самых дешёвых номерах самые дешёвые условия, вода горячая протекает вечность, нет штуки на стене которая держет душевую лейку, ламповые телевизоры, запах неприятный но привыкаешь через час, пару раз было что ломался бачок унитаза (постоянно текла вода) завтрак включён)",3.0,ru,2023-09-21
yandex_1244089476_b7dda81f182ed8aa,yandex,1244089476,"Прокатился на машине времени. Интерьер из 90х, лифты из 80х. На данный момент идёт реконструкция.",3.0,ru,2026-04-12
yandex_1244089476_ffe95ed5eb37ed22,yandex,1244089476,"Гостиница Советских времён. Хотелось в номер: -чайник -фен - гель для душа и ополаскиватель для волос - исправные краны. В остальном, всё хорошо! Особенно постельное белье и одеяла.",4.0,ru,2024-05-15
yandex_1244089476_413c6dbc2f77ed35,yandex,1244089476,"Первый раз приехали в Усть-Каменогорск, попросили на ресепшене показать номера свободные. Менеджер то ли не хотела двигаться, потому что поздно приехали, была уже ночь, сказала смотрите Букенк с недовольным лицом. В итоге сняли квартиру.",1.0,ru,2025-09-13
yandex_1244089476_56941cbbf9f85048,yandex,1244089476,"Вообще отель очень даже не плохой. Да, мебель времен моей бабушки, но за эту цену очень даже не плохо. Ничего не скрипит, не отваливается, чистота на высшем уровне!!! Ванна просто сверкает, даже у меня дома такой чистоты нет🙈 Кто ограничен в бюджете- очень рекомендую, мне даже понравилось вернуться в эпоху 80-90х)",4.0,ru,2022-09-28
yandex_1244089476_8d2561132f464894,yandex,1244089476,"Плюсы данной гостиницы: удобное расположение, около центрального рынка, нормальные номера с жк телевизорами, вроде как запрещено курить в номерах, что явный плюс( прошу прощения у курильщиков, но по мне, ваше удобство курнуть в номере не должно мешать праву других людей на чистый воздух), наличие кулера на этаже. Минусы: отвратительные сосиски на завтрак, деревянные окна,что в зиму явно не очень, старая сантехника в ванной комнате, дребезжащая входная дверь в номер и не очень качественная уборка номеров.",3.0,ru,2019-11-12
yandex_1244089476_f9b63601a277ab7b,yandex,1244089476,"Хороший отель, все необходимое есть, удобное местоположение, приветливый персонал",5.0,ru,2025-07-15
yandex_1244089476_2ee02d00cff306bc,yandex,1244089476,"Завтрак просто песня, кайф ммммм всем советую 😂😂😂😂😂, номер переночевать более чем достаточно постель чистая!",2.0,ru,2024-03-01
yandex_1244089476_1b550d7508269032,yandex,1244089476,"Я безумно люблю эту гостиницу, комфорт, соответсвует цене. Чистая, уютная, гостиница👍👍👍👍👍, мне нравиться что все в в стиле Ретро-СССР. Локация гостинице, прям в Сердце прекрасного Усть-Каменогорска. В общем, РЕКОМЕНДУЮ, если вы не с насыщенными понтами и завышенными планами живете",5.0,ru,2021-07-29
yandex_1244089476_8e4adc9f646801c2,yandex,1244089476,Жили в номере люкс. Всё на высоте. Завтрак включён в проживание. В номере дополнительно были бутылки с водой и две шоколадки.,4.0,ru,2023-07-29
yandex_1244089476_b5645def7524260a,yandex,1244089476,Отель ещё со времён Советского Союза. Останавливались в люксе. Накормили завтраком. Чистота и тишина. Все на высоте,5.0,ru,2023-07-31
yandex_1244089476_6392b583351aa208,yandex,1244089476,"Гостиница на 5 звёзд не тянет, думаю, даже и не пытается! С другой стороны, хоть бедненько, но чистенько, персонал вежливый, кровать-телевизор есть, завтрак вполне съедобен, что ещё командированному при таких демократичных ценах надо!",4.0,ru,2019-11-06
yandex_1244089476_d57850b2dd745b4c,yandex,1244089476,"Старая советская гостиница, был там на этой неделе, номер на 7 этаже. Батарея в номере была перекрыта, пришлось идти и просить чтобы дали ключ, открыл себе отопление, на улице -10. Грязи нет, но все такое неухоженное и старое. Есть один плюс, совсем дешево.",2.0,ru,2021-11-28
yandex_1244089476_3953ccd03d227099,yandex,1244089476,"Место где время остановилось лет 30 назад, но и цена на номера приятно не высокая, завтраки конечно не представляют собой какие-то гастрономические изыски, но вполне съедобные",5.0,ru,2025-12-09
yandex_1244089476_894e0c6a228e0d4d,yandex,1244089476,"Обслуживание номеров вялое. Постельное белье не поменяли через три дня, как это принято в др. Гостиницах, только после того как я попросил на шестой день только! Интернет сложно подключаем, я так и не смог воспользоваться их вайфаем",2.0,ru,2021-07-21
yandex_1244089476_d3aae88233b731b0,yandex,1244089476,"Уютный и чистый номер. Без излишеств. Цена=качество. Очень приятная девушка на ресепшене, спасибо большое за гостеприимство ❤️",4.0,ru,2025-05-01
yandex_1244089476_d5729b9e8f1e554d,yandex,1244089476,"Брали самый дешёвый номер, на двоих, 10000тг. Сравнительно чисто, мебель советских времен, две кровати, стол, стул, старый телевизор,чайника нет. Завтрак, который был включён в стоимость номера, отвратительный. А в целом, за эти деньги нормально))",4.0,ru,2019-07-30
yandex_1244089476_cd854c770228b019,yandex,1244089476,"Неожиданно прилично. Скромно, чисто, уютно даже завтрак есть. В номере было тепло, на удивление, хотя ещё тепла не было.",4.0,ru,2024-05-27
yandex_1244089476_0921137688c13eeb,yandex,1244089476,"Номера комфортные, цены приятно удивили, завтраки разнообразные на выбор, персонал приветливый , отзывчивый, расположение отличное",5.0,ru,2023-06-05
yandex_1244089476_e2aa6ae3f1383aa6,yandex,1244089476,"Хоршая гостиница. Чисто. Персонал вежливый. На завтрак особо не надейтесь, шведского стола нет. В принципе за те деньги которые берут очень даже ничего",3.0,ru,2022-06-12
yandex_1244089476_28c01fc9cb73dfae,yandex,1244089476,"Старя советская во всём гостинница. Кондиционера в номерах нет, очень душно летом. Есть завтраки, но это смех и грех. Место просто переночевать.",3.0,ru,2023-08-03
yandex_1244089476_18add73eba55b1e5,yandex,1244089476,"Лучшая гостиница в городе. Вежливый персонал, даже уборщица которая моет полы знает английский язык",5.0,ru,2025-06-28
yandex_1244089476_5e37f5de0759d157,yandex,1244089476,"Очень не понравилось! Очень старое здание, из пола в номере торчат шурупы держащие ламинат. Старые рассохшиеся окна, ужасный запах в туалете. С самого утра (около 8:30) начинал работать перфоратор вперемешку с ударами кувалды, а на третий день вообще на полдня оставили без воды. WI-FI (пароль спросить у портье) в номерах только в центре гостиницы поближе к холлу, НО! WI-FI пускает только на популярные сайты типа mail.ru или yandex, например на googlе можно зайти, а на gmail уже нет. Кухня в ресторане на 2-м этаже просто ужасна, а кафе на 5-м больше смахивает на столовку.",2.0,mixed,2013-02-28
yandex_1244089476_7fc5413b9a9ca82b,yandex,1244089476,Когда-то была лучшая гостиница в городе.Сейчас много арендаторов.Ресторан закрыли.Гостям города нормально поесть негде.Сервис хромает,4.0,ru,2025-08-10
yandex_1244089476_550d5717b8cb6932,yandex,1244089476,"Хорошее обслуживание, чистые номера. Был зимой, в номере было прохладно, но мне на мое замечание сразу принесли обогреватель. Поэтому, если что то не устраивает, то сразу сообщайте на ресепшен и они постараютяся решить вашу проблему.",5.0,ru,2024-07-09
yandex_1244089476_52d6ba33d3d91155,yandex,1244089476,Чистая и уютная гостиница и очень вежливый персонал.,5.0,ru,2025-06-03
yandex_1244089476_3f2321fe0696b4a9,yandex,1244089476,Как будто попали в СССР. Чисто. Уютно. Есть парковка. Мы с РФ и с нас взяли туристический сбор 5 процентов. Рядом рынок. Удобно.,4.0,ru,2023-08-11
yandex_1244089476_505d86cd50cbd2a2,yandex,1244089476,Это просто ад. Вам должны платить за проживание там. Завтрак просто несъедобный. Номера как его построили ремонта не видели. Единственное в номерах чисто. Но все остальное оставляет желать лучшего,1.0,ru,2023-04-21
yandex_1244089476_02d9a2c5fd1f261f,yandex,1244089476,"Пристанище духа советского времени. Удивительно, как владельцы справляются с поддержанием исправности гостиницы, не заменяя оборудование и отделку на современные, обеспечивая при этом должный уровень чистоты. Заходишь в комнаты и попадаешь на 30-40 лет в прошлое - всё, как было тогда, в командировках. И персонал такой-же - хамоватые администратор, уборщица, официантка. Просто масло изливается на душу, истерзанную отзывчивым современным сервисом. Уборщица посмеялась, когда я спросил, как быть с сигаретным дымом, залетающим к нам в окно из соседней комнаты: не будет же она ходить по ним и проверять? В общем, было интересно один раз, но в следующий раз попытаем счастья в другом месте.",3.0,ru,2024-02-07
yandex_1244089476_284a435f5fadf48d,yandex,1244089476,"Хорошая Гостиница, снимали номер люкс. Только Окна деревянные на пластик заменить нужно, сильно дует. Хорошая столовая.",5.0,ru,2021-10-30
yandex_1244089476_efe9a5dd0795435e,yandex,1244089476,"Хороший сервис, завтраки, отличное местоположение",5.0,ru,2024-09-17
yandex_1244089476_74e2731113823976,yandex,1244089476,"Простые номера, зато всегда белоснежное белье, ежедневная уборка в номерах. Чистая ванная комната. Вежливый персонал.",5.0,ru,2022-12-31
yandex_1244089476_9a68437118da0d3e,yandex,1244089476,"Стандартный номер, и цена не большая, и есть все необходимое: кровать, телевизор, ванна, моющие, но минус, нет интернета в номерах. Только в холле.",4.0,ru,2022-07-18
yandex_1244089476_24b6405733d55c79,yandex,1244089476,Советская гостиница. Этими словами можно описать всю суть. Но за такие деньги вы лучше не найдете. Завтрак был съедобный. Но могло быть и лучше,3.0,ru,2023-12-21
yandex_1244089476_95d2983b22a2c7d0,yandex,1244089476,Цена качество вежливый персонал хрустящее простыни что ещё хочется для того чтобы поспать и завтрак включен а там и ресторан имеется,5.0,ru,2022-11-29
yandex_1244089476_2e0f6563ae318c08,yandex,1244089476,"Хорошая гостиница с постсоветским ремонтом. Дешево и вполне прилично. Особо радует, что завтрак включен в стоимость.",5.0,ru,2023-05-15
yandex_1244089476_f4d8a878b68856ef,yandex,1244089476,"Как смогли сохранить этот советский отель? Непонятно. Однако кондиционеры работают, завтрак недурен. Лифты советские, те самые, с красными кнопками вызова и чёрными кубиками этажей... Прелесть.",4.0,ru,2023-08-30
yandex_1244089476_cf9d18c3a669eae6,yandex,1244089476,"Гостиница построена в советское время, интерьер погружает Вас во времена СССР. Номера чистые, завтрак вкусный.",3.0,ru,2022-07-13
yandex_1244089476_abbadf5b70a47a8e,yandex,1244089476,"Хороший, приветливый персонал. Платная парковка во дворе. Надо поработать над номерами. Ну, ребята, надо искоренять этот ""советский союз"", делать ремонт в номерах.",3.0,ru,2020-12-17
yandex_1244089476_5c6db4ed1a6a37d4,yandex,1244089476,"Номера очень маленькие, кроватки старенькие, матрацы дешевые. Wi-Fi отсутствует, завтраки однотипные, очень дёшево и простенько",2.0,mixed,2022-02-02
yandex_1244089476_1d36a0ee6f86b594,yandex,1244089476,"В принципе норм,курящим неудобно курилки на каждом этаже должны быть, расположение хорошее и сервис чуть улучшить...",4.0,ru,2024-07-01
yandex_1244089476_fab865dc829442c9,yandex,1244089476,"Нам понравился отель. Чисто, есть вай-фай в холле.",5.0,ru,2025-08-08
yandex_1244089476_0d62822a985b9cb3,yandex,1244089476,"Много клопов, некачественное мебель, скудные завтраки",1.0,ru,2025-09-07
yandex_1244089476_4308fdb6501c9f0b,yandex,1244089476,"Отель, интересный. Эпоха СССР сохранена. Завтрак включён, правда гостинице требуется ремонт. Персонал молодцы.",5.0,ru,2024-03-02
yandex_1244089476_6b9a018cfcff8393,yandex,1244089476,"Соотношение цена/качество,50/50, отель времён СССР, есть вай-фай, номера относительно большие..",5.0,ru,2023-06-14
yandex_1244089476_bbafd446d891b5bd,yandex,1244089476,"Сервис ни какой, нет ни халатов, ни одноразовых шампуней ни мылы, ни убной пасты. Как по мне дороговата при таком сервисе. Ремонт сделан был наверное в 2000х",3.0,ru,2023-09-12
yandex_1244089476_ef7983042f5708bb,yandex,1244089476,"Чисто,уютно,спокойно, завтрак включен",4.0,ru,2025-09-09
yandex_1244089476_c94ee0337e835af0,yandex,1244089476,Соответствие цены и качества. Персонал внимательный.,5.0,ru,2025-05-18
yandex_1244089476_c10e697fd5fbdd94,yandex,1244089476,Очень по Совдеповски! Но есть и плюсы - когда надо переночевать перед самолетом и оставить машину на парковке - самое то. 👍,3.0,ru,2025-03-06
yandex_1244089476_96b206478a55573d,yandex,1244089476,Очень стремная гостиница. Я после неё день отмывался и мне всё равно казалось что я воняю ещё 2 дня,1.0,ru,2025-08-24
yandex_1244089476_4436ce5fedb1b09f,yandex,1244089476,"Номера не чистят , очень грязно, соседние номера слышны , Кунья при отели работает только с утра , а потом она закрыта , персонал грубоватый и не тактичный :(",3.0,ru,2021-04-05
yandex_1244089476_afc75ed4c2e8d11c,yandex,1244089476,"Хорошая гостиница, порядок и чистота! Цены приемлемые!Удобное расположение, рядом центральный рынок, вся инфраструктура! Гости города добро пожаловать",4.0,ru,2020-02-14
yandex_1244089476_e7814faf931cf4ed,yandex,1244089476,Резервировал номер по фото когда заехали номер не как на фотографии! В душевой мокрицы! Завтрак у них мне понравился!,4.0,ru,2022-06-21
yandex_1244089476_d2b263a66526076e,yandex,1244089476,"Убогая обстановка, нужен ремонт, ресепшен молодец",3.0,ru,2025-08-01
yandex_1244089476_be7eae7fc9e15e45,yandex,1244089476,"Классический отель СССРовской застройки. Удобное расположение в самом центре города, есть бесплатная и платная парковка, рядом рынок, автобусные и трамвайные остановки",4.0,ru,2020-09-23
yandex_1244089476_0b0d4895976a6774,yandex,1244089476,Центральный отель города. Население советского союза. Только ради настольгии по лифтам можно один раз посетить этот отель. Цены доступные. Летом лучше выбрать улучшенный номер.,4.0,ru,2023-06-20
yandex_1244089476_03dcdd71c2d51b28,yandex,1244089476,"Чисто, не клоповник, не притон для всякого сброда и алкашей. Всё как положено, не Хилтон конечно но это не цель, всё отлично, я здесь живу и мне всё нравится...",5.0,ru,2021-04-01
yandex_1244089476_c72787d84c87c2bf,yandex,1244089476,"Грязно,запах отвратительный,нет холодильников кондиционеров и фенов.Многие телевизоры не работают",1.0,ru,2022-05-20
yandex_1244089476_ffef67a8aed658fa,yandex,1244089476,"Можно остановиться на ночь,душ(детская ванная), пожалуй это единственный минус,есть завтраки, кстати вкусные.рекомендасион",4.0,ru,2023-06-03
yandex_1244089476_ef37d8a9eb1af6be,yandex,1244089476,"Центр города, единственное место, где продают сувениры с атрибутикой города. Отель - обычный, цена адекватная.",3.0,ru,2024-06-06
yandex_1244089476_a0f271ce728ebe82,yandex,1244089476,"Привет моя молодость, привет советский союз, если вы не притизательны к выбору места ночлег то гостиница вам подойдёт. А так все очень старое, хоть и персонал приветливый, но номера просто туши свет",2.0,ru,2022-01-25
yandex_1244089476_e316d8caa24f9a70,yandex,1244089476,"Как в совке,розетке заклеины,духота а номерах",1.0,ru,2025-07-13
yandex_1244089476_f635065a86244662,yandex,1244089476,"Все по старому, что касается условий, персонал молодцы, очень приветливые и отзывчивые",5.0,ru,2024-12-06
yandex_1244089476_6f1746e3e638fa1d,yandex,1244089476,"Недорого,чисто ,уютно,ностальжи",5.0,ru,2025-09-28
yandex_1244089476_8b26b5b2fb122501,yandex,1244089476,"Нормальный демократичный по ценам отель, очень навивает ""Советской"" эпохой",4.0,ru,2024-10-22
yandex_1244089476_0e57f8aca434482d,yandex,1244089476,"Отель очень комфортный, уютный , советую всем !!!",4.0,ru,2025-10-12
yandex_1244089476_f46c4cb5a311cf61,yandex,1244089476,"Номера и сервис жесть, но за не имением альтернативы, сойдет. Кстати номер за 13к более менее.",3.0,ru,2022-11-21
yandex_1244089476_54456c99dcab1d40,yandex,1244089476,Мамадорогая. Шлак в центре города. Простите. Как так то!?,1.0,ru,2025-07-29
yandex_1244089476_90d568c630088b54,yandex,1244089476,"Если вы молоды и не застали Советский союз, то вам там надо переночевать обязательно. Но в общем не плохо",3.0,ru,2025-04-12
yandex_1244089476_34df98e92111c7b5,yandex,1244089476,Номера откровенно уставшие. Цены выше этого уровня,3.0,ru,2023-09-17
yandex_1244089476_6afdef7f2b454627,yandex,1244089476,Посредственная гостиница.,3.0,ru,2019-07-31
yandex_1244089476_d84adbaad32f8022,yandex,1244089476,Цена качество. Советую. Смело.,5.0,ru,2025-02-02
yandex_1244089476_42e97069e15a421f,yandex,1244089476,"Неплохая гостиница для своих денег, были там недавно",5.0,ru,2025-08-31
yandex_1244089476_12d21d1aef78604b,yandex,1244089476,"Шикарные завтраки. Номера, как во всех гостиницах. Ничего особенного. Но очень приветливый и вежливый персонал.",5.0,ru,2020-12-04
yandex_1244089476_0a9ab21b770ca956,yandex,1244089476,Советская гостиница. Ничего особенного. Дёшево и сердито. Сойдёт на одну ночь.,3.0,ru,2024-06-19
yandex_1244089476_82d2d88345ca0832,yandex,1244089476,Номер стандарт 2х2 метра телик круглый ламповый мебель и интерьер эпохи ссср. Чисто переночевать цены высокие .,1.0,ru,2020-03-04
yandex_1244089476_cf98fb48ffe6fd3e,yandex,1244089476,"Чисто, не дорого, приветливо.",5.0,ru,2024-08-23
yandex_1244089476_9351cfad144691b0,yandex,1244089476,Номера чистые и уютные. Офисы выкрашены просроченной краской. Дышать не чем. Офис снимаю третий месяц.,2.0,ru,2019-09-20
yandex_1244089476_eb711ef9f612bd75,yandex,1244089476,"Чисто, уюно. Есть ресторан, выбор по меню не большёй но приготовлено вкусно",4.0,ru,2018-08-29
yandex_1244089476_a3fb69908d51b7f5,yandex,1244089476,"Обновить интерьер, добавить элементы завтрака, придумать систему лояльности клиентов",3.0,ru,2019-08-01
yandex_1244089476_78ca63ba443311a8,yandex,1244089476,"Ставлю 4 звезды за хорошие воспоминания из прошлого... В 1990-91 годах частенько приезжал с друзьями на отдых в выходные дни, останавливались всегда в этой гостинице. Даже воспоминание о капающей на подушку через протекающую крышу дождевой воде не сможет перечеркнуть романтики 90-х... Номер с протекщей крышей - 713! 😁",4.0,ru,2021-11-16
yandex_1244089476_ea8758df8bbbe4f6,yandex,1244089476,Мне кажется что стоимость не соответствует. Ремонт в номерах явно был давно (очень давно),3.0,ru,2022-07-10
yandex_1244089476_317aaa93fdfa7da6,yandex,1244089476,"Пора делать ремонт - это минус Цена, располажение - это плюс",3.0,ru,2025-04-10
yandex_1244089476_1183c9e4db80ffc7,yandex,1244089476,"Очень старый номерной фонд, но и цена очень демократичная!",4.0,ru,2024-04-13
yandex_1244089476_9269ecb4aa41b95b,yandex,1244089476,"Завтраки вкусные, номера уже старые, но уютно!",5.0,ru,2020-09-09
yandex_1244089476_84877c390d273675,yandex,1244089476,"Качество соответствует Цене, самое главное чистота, в общем без претензий",3.0,ru,2019-10-11
yandex_1244089476_fbfbffe846b93224,yandex,1244089476,"Прекрасная столовая домашнего качества, в самом профилактореми не был.",5.0,ru,2024-04-21
yandex_1244089476_a6cdfa3825293424,yandex,1244089476,Фасад нужно ремонтировать,5.0,ru,2026-03-17
yandex_1244089476_219d8212b9655fbf,yandex,1244089476,Да простит меня УКА но отель мусор. Как будто на 50 лет назад попал,2.0,ru,2025-09-25
yandex_1244089476_e7249607dbad20af,yandex,1244089476,"Чисто, просто, есть всё необходимое",4.0,ru,2024-11-05
yandex_1244089476_69214bd3e7ae33a9,yandex,1244089476,"Ужасно не удобная кровать, грязно (((",1.0,ru,2024-10-28
yandex_1244089476_9bbb3dae93e73191,yandex,1244089476,"хорошая гостиница.тепло,чисто,уютно.хотя и немного совдеп",4.0,ru,2019-03-04
yandex_1244089476_3638a88a7865963e,yandex,1244089476,Не плохие уютные номера за приемлемую цену.,5.0,ru,2021-04-09
yandex_1244089476_02f095e6b0a4ac4d,yandex,1244089476,"Хорошое гастиница, мне понравилось!",5.0,ru,2025-08-13
yandex_1244089476_feb6b24f321bbd93,yandex,1244089476,Завтрак отстой полный. Номера совковые прям. Был неделю два дня вообще не убиралась. Потом сказал убрали,1.0,ru,2023-05-07
yandex_1244089476_f531f0be4feb7d97,yandex,1244089476,Проводили день рождения в ресторане при гостинице 👍,5.0,ru,2019-05-05
yandex_1244089476_8bf95da887cc865d,yandex,1244089476,"Если вы хотите окунуться в ретро жанр эпохи падения советского союза, то вам сюда!!! Из плюсов чисто.",4.0,ru,2023-11-14
yandex_1244089476_4ee716e7a4aca3fb,yandex,1244089476,"Очень старая гостиница , при посинение не было горячей воды",3.0,ru,2024-02-21
yandex_1244089476_8ac14199efc6e458,yandex,1244089476,постоянно пользуюсь одномест.номерами.все устраивает！,5.0,ru,2019-10-05
yandex_1244089476_4ae8b7b8f60998d2,yandex,1244089476,Совковая гостиница с кошмарными номерами и вонючими санузлами,1.0,ru,2018-09-09
yandex_1244089476_da75ff15338fec98,yandex,1244089476,"Ресторан оставляет желать лучшего, номера в гостинице не обнавлялись со времён СССР!",3.0,ru,2019-06-22
yandex_1244089476_6aea0efd849ededa,yandex,1244089476,Удобным расположением и уютными номерами.,5.0,ru,2021-04-18
yandex_1244089476_6e8e8150065f4cca,yandex,1244089476,Хорошая добрая гостиница 🔥,5.0,ru,2023-06-15
yandex_1244089476_850f113bb6b5dee7,yandex,1244089476,"Хорошая гостиница! Удобное месторасположение, Приветливый персонал!!!",5.0,ru,2019-02-04
yandex_1244089476_dfd83cffbc573b90,yandex,1244089476,Ужасный запах в номере плюс тараканы,2.0,ru,2019-06-09
yandex_1244089476_cc34d43ff4a5c227,yandex,1244089476,"Старый советский интерьер, запах в номере такой же",3.0,ru,2022-06-29
yandex_1244089476_f4999cb9a10598a7,yandex,1244089476,"Соответствует цене,завтрак конечно малокалорииный))",3.0,ru,2020-09-21
yandex_1244089476_8fa7923a0baed627,yandex,1244089476,Отличная бюджетная гостиница.,5.0,ru,2024-01-08
yandex_1244089476_a8bc0f8a94c30edc,yandex,1244089476,Чисто совдеповский вариант для переночевать...,2.0,ru,2021-09-07
yandex_1244089476_efb6b203d64fd3d4,yandex,1244089476,"Пора ремонт делать, двери в коридор дырявые",3.0,ru,2023-08-15
yandex_1244089476_8e0ce7ca7e0080fb,yandex,1244089476,"Гостиница советского типа. Хотите вспомнить былое время, вам сюда.",2.0,ru,2019-11-11
yandex_1244089476_e927cfdcdd024904,yandex,1244089476,Гостиница нуждается в капитальному ремонте.,1.0,ru,2018-11-27
yandex_1244089476_cd27485228d12753,yandex,1244089476,Одним словом СССР... Сервис данной гостиницы на нуле,1.0,ru,2021-12-10
yandex_1244089476_b0603e2028c8aadc,yandex,1244089476,"Если хотите моментально попасть в прошлое - это то самое место. Можно сразу снимать фильм про Чернобыль, отличные декорации",1.0,ru,2019-09-28
yandex_1244089476_5911ad2fc89c57fb,yandex,1244089476,Круглосуточный. Хороший завтрак.,4.0,ru,2019-02-03
yandex_1244089476_9c5eb28bb576be9b,yandex,1244089476,Все старое 90 года больше нечего писать,1.0,ru,2023-10-30
yandex_1244089476_019776be61d76323,yandex,1244089476,Тихо и тепло есть кондиционер.,4.0,ru,2021-11-09
yandex_1244089476_ae78cc92ada3a7cb,yandex,1244089476,Нет обновлений в гостинице с 90 ых годов.,2.0,ru,2023-02-20
yandex_1244089476_92ad86260e759459,yandex,1244089476,"Всё отлично 👍 ,чистая уютная",5.0,ru,2021-11-02
yandex_1244089476_7e1564b354fe945b,yandex,1244089476,"Нет парковок,улица не очищена от снега",1.0,ru,2019-12-11
yandex_1244089476_8e3dad7fe9c1d928,yandex,1244089476,Чтобы использовать Wifi нужна местная симка,3.0,mixed,2018-11-13
yandex_1244089476_4cc6f8cc6a95d464,yandex,1244089476,Расположение гостиницы и только!,3.0,ru,2023-06-23
yandex_1244089476_81b0a5c1eeec2749,yandex,1244089476,"Чисто,а так советский союз)))",2.0,ru,2022-07-03
yandex_1244089476_daa915a950f9c711,yandex,1244089476,"Антураж Советского Союза, и с тех пор, видимо, ничего не изменилось.",2.0,ru,2019-08-18
yandex_1244089476_b6648908dc38aead,yandex,1244089476,Наверное самая худшая гостиница города.,1.0,ru,2018-12-15
yandex_1244089476_a0afb935e2240c04,yandex,1244089476,"Не знаю как другим, но мне все нравится Может быть потому что там всё напоминает советский союз",5.0,ru,2022-08-04
yandex_1244089476_a63dece5524c04e4,yandex,1244089476,"Привет, старый добрый советский союз. Но в целом неплохо",4.0,ru,2019-05-16
yandex_1244089476_c97b487a4e63c8f3,yandex,1244089476,"Отличный город. Дороги хорошие, люди приветливые",5.0,ru,2023-03-02
yandex_1244089476_d8f3bf5c7d46434e,yandex,1244089476,"Все хорошо но, ни обменника ни банкоматов.",4.0,ru,2019-11-29
yandex_1244089476_e6f687d78536c456,yandex,1244089476,Номера старые ремонт делают но не фантан.,3.0,ru,2019-12-04
yandex_1244089476_6448faa003c14f48,yandex,1244089476,Удобное расположение в центре,5.0,ru,2018-11-03
yandex_1244089476_b11eaf084aa64358,yandex,1244089476,Хотелось бы конечно получше апартаменты за такие расценки.,3.0,ru,2024-05-05
yandex_1244089476_9dfb9a8f8a6e12cb,yandex,1244089476,"Отлично. Не дорого, персонал бывает приветлив ))",5.0,ru,2023-08-14
yandex_1244089476_8267d3839406a82f,yandex,1244089476,"Если хотите вернутся в СССР, то вам туда.",2.0,ru,2023-05-29
yandex_1244089476_c42e922c6e9ac9b5,yandex,1244089476,Вполне обычная советская гостиница,4.0,ru,2019-05-29
yandex_1244089476_1dd6f54461187356,yandex,1244089476,Дёшево и сердито. Неплохие завтраки.,4.0,ru,2019-11-08
yandex_1244089476_111bd2e50356bd2d,yandex,1244089476,Дешево и сердито за эти деньги,5.0,ru,2020-06-14
yandex_1244089476_95ab365e15af0a69,yandex,1244089476,Худшая гостиница в городе!,1.0,ru,2022-05-10
yandex_59203902736_128521f2a2b33b20,yandex,59203902736,"В целом гостиница оставила хорошее впечатление. Тихо, спокойно и достаточно уютно, можно нормально отдохнуть. Завтраки неплохие, персонал вежливый. В номере было чисто. Требуется обновление: мебель и сантехника заметно устарели и местами уже изношены. Интерьер тоже выглядит немного «уставшим». Если сделать ремонт и освежить номера — будет совсем хороший уровень.",4.0,ru,2026-05-19
yandex_59203902736_120cde3f74aafdc9,yandex,59203902736,"Здравствуйте! Хотел оставить положительный отзыв о данном отеле. Мы остановились в нем только переночевать. Номера разной ценовой категории мы жили в 10 и 11 номерах. Номера чистые не прокуренные. Постельное белье пахнет свежестью. В холодильнике есть несколько бутылочек воды. Так же в ванной комноте есть набор гелей шампуней и зубная щётка с пастой. В стоимость входит завтрак на выбор: каша, омлет, яишница. Кофе в турке или чай. Блинчики с джемом и сметаной. Порции достаточно большие. Время завтрака можно выбрать приготовят для Вас. Небольшой минус для позднего туриста, трамвай начинает ходить примерно с 6 00 его достаточно хорошо слышно. Учитывая что мы уже в это время собирались ехать дальше для нас это не было критично. У стойки администратора есть кофе автомат и автомат по продажи воды. Если у Вас нет карты то можно приобрести через администратора за наличный расчёт. Имя администратора не узнал. Администратор отзывчивая, вежливая приятная для общения. Если мы ещё поедем в УК то обязательно выберем данный отель. Я рекомендую данный отель.",5.0,ru,2025-08-04
yandex_59203902736_b631fc4a6a9fc186,yandex,59203902736,"Добрый, уютный, приятный отель с которого начинается сказка Казахстана. Удивительно подходящий по ценовой категории даже тем, кто привык к повышенному комфорту. Все спальные места двуспальные. Комнаты хорошо освещены, тв без перебоев, шустрый вай фай. Ресепшен- лицо гостиницы. Не просто шаблонно-вежливое, а радушное, искреннее общение. По-человечески отнеслись и вместе старались решить все возникшие в дороге вопросы. Безмерно счастливы, что выбрали Сити для остановки в Усть-Каменогорске. Всего вам самого доброго и светлого, как и вы сами! 💖🤗",5.0,ru,2025-08-11
yandex_59203902736_0f36405987889494,yandex,59203902736,"Прекрасное обслуживание. Утром завтраки на выбор, кофе натуральный. в номере есть чай и чайник, холодильник. (включено). Уютно и чисто.",5.0,ru,2026-03-28
yandex_59203902736_ca3c86dfed6d739b,yandex,59203902736,"Очень чистые, уютные номера. Администратор приветливая, общительная. Подсказала кафе рядом с вкусным шашлыком. Завтрак вкусный , порции хорошие. Ночевали одну ночь и остались очень довольны.",5.0,ru,2025-07-29
yandex_59203902736_8f43b6191b1147bc,yandex,59203902736,"Был в командировке. Гостиница небольшая, аккуратная. По антуражу, обслуживанию, компоновке номеров видно, что хотят соответствовать международным стандартам. Обслуживание ровное, претензий нет. Расположение удобное - все не слишком далеко, есть подъезд для такси, рядом остановка трамвайчика, и идет ощутимая вибрация по зданию, когда эти трамвайчики мимо проходят. Есть собственный дворик с курилкой, в прихожей кофе-автомат с терпимым, но дорогим кофе. Есть кафешка или ресторан в отеле, но что там - не знаю, не пользовался, но другие постояльцы ходили, были семейные и с детишками. В номере не было кондиционера, стоял вентилятор. Цены разумные, без перебора. В целом, приличный, спокойный отельчик, середнячок.",4.0,ru,2024-06-18
yandex_59203902736_e462dbaf2a0d4b86,yandex,59203902736,"В течений нескольких лет мы останавливаемся в этой гостинице, добродушный прием, вкусный завтрак по домашнему, персонал всегда отзывчивый, всегда подскажут, в этом городе для нас самое уютное место, огромное спасибо, успехов и благодарность всему Персоналу",5.0,ru,2025-08-26
yandex_59203902736_34368949516961dd,yandex,59203902736,"Оценка за лояльность администратора! Стены в некоторых номерах ооочень тонкие, плохая шумка, будто сидят соседи на одном диване с вами) Девочка официантка, хотела нам отказать в завтраке иза своей лени🫣 спасибо администратору!",5.0,ru,2025-01-06
yandex_59203902736_149b1275b10e449f,yandex,59203902736,"Всем рекомендую данный отель!!!👍Все на высшем уровне:обслуживание,чистота отеля сразу чувствовалась при входе в отель,вкуснейшие завтраки.Останавливаемся не в первый раз😍",5.0,ru,2025-03-16
yandex_59203902736_c435a9aa55009155,yandex,59203902736,"В люксе большие, просторные комнаты. Почему-то на входе некуда вешать верхнюю одежду. Утром беспокоит стук трамвайных колёс. И зачем их делают квадратными? Всё компенсируется внимательным и доброжелательным отношением персонала.",4.0,ru,2024-12-09
yandex_59203902736_5b0f39ed5d2e245e,yandex,59203902736,Неплохая гостиница. Просторные чистые номера. Хорошее расположение. Один минус - проезжающие мимо трамваи.,4.0,ru,2025-11-10
yandex_59203902736_0d75ef1a3cd2e244,yandex,59203902736,"Отличная гостиница, вежливый и отзывчивый персонал, чистые и уютные номера. Вкусные и сытные завтраки!",5.0,ru,2025-11-11
yandex_59203902736_636271696b6f566b,yandex,59203902736,"Хорошая, уютная ,гостиница ,хороший вкусный завтрак ,всем советую",5.0,ru,2025-11-13
yandex_59203902736_c91843165701a4fe,yandex,59203902736,На мой взгляд самая спокойная и чистая гостиница в Усть-Каменогорске с адекватными ценами. Персонал очень вежлив и профессионален. Желаю постоянного процветания.,5.0,ru,2025-02-23
yandex_59203902736_a947fb3d8de66108,yandex,59203902736,"Отличный отель,каждый месяц останавливаемся в семейном номере. Номер чистый,просторный,уютный,персонал вежливый. Очень сытный завтрак,вкусное кофе. Рекомендую",5.0,ru,2024-01-31
yandex_59203902736_6f7b2be5f879cec9,yandex,59203902736,"В номерах чисто, доброжелательный персонал. Завтрак индивидуально готовят по желанию. Каша, омлет, яичница. На любителя",4.0,ru,2025-12-10
yandex_59203902736_f6fdadb6d8fb43c9,yandex,59203902736,"Оставался на 3 суток, выбирал потому что гостиница недалеко от ледовой арены и было написано что это гостиница лучшая по версии 2Гис. Плюсы: 21 000 тысяча за двухкомнатный люкс с двумя завтраками это очень хорошая цена! Номер чистый, комнаты большие, мне очень понравился номер, никаких запахов, в душе нормальный напор, завтраки тоже не скудные! Теперь почему 4, а не 5 - к сожалению нет ресторана, точнее он есть, но предлагает только завтраки. Ресторанов нормальных я рядом не нашел. Очень близко трамвайная линия - когда едет трамвай гостиница прям дребезжит, это неизбежный фак",4.0,ru,2025-11-16
yandex_59203902736_35fbec3695e8a305,yandex,59203902736,"Неожиданно хороший отель ! Были в командировке и нужно было уложиться в бюджет ≈20000тенге . Нам дали номер с двумя комнатами и двумя двуспальными кроватями (в одной комнате правда) с завтраком ,очень обычный завтрак - но вполне хватило и качественно) . Всё относительно чисто и приемлемо, персонал отзывчивый и культурный. При отеле есть парковка. Кровати очень удобные! Я советую!!!",5.0,ru,2025-09-11
yandex_59203902736_3cc7370e6e56791b,yandex,59203902736,"Небольшая гостиница с устаревшим ремонтом, но все всегда очень чисто. Приятный вежливый персонал. Неплохие завтраки, просторные номера. Из минусов рядом трамвайные пути, так что время от времени трясет. Зимой бывает прохладно",4.0,ru,2023-12-19
yandex_59203902736_583f2c351b5174d6,yandex,59203902736,"Теплые и чистые номера. Вежливый и улыбчивый персонал. Рядом есть парк куча аптек и круглосуточных магазинов. Замечен только один минус, в номере нет микроволновки.",5.0,ru,2023-09-30
yandex_59203902736_3883ae1e35644ad4,yandex,59203902736,"Номера уютные, кровать мягкая, постельное белье чистое, раз в день делают влажную уборку. Я жила в одноместном мне было достаточно, имеется стол и телевизор который ни разу не включала. Ванная комната огромная, всегда есть ванные принадлежности. Имеется прачечная за отдельную стоимость, весьма гуманную. Завтрак входит в стоимость, завтрак сытный и разнообразный. Предлагают на выбор любой вид каш или яичница с сосиской, всегда на столе йогурт, десерт, тосты с маслом, а из напитков чай или кофе.",5.0,ru,2023-05-26
yandex_59203902736_4ca9a73989b6c406,yandex,59203902736,"всё отлично. уютные номера, вежливый и приветливый персонал, вкусные завтраки 👍🏼",5.0,ru,2025-06-11
yandex_59203902736_2ae6522ee4f0a5a4,yandex,59203902736,Хороший простой отель. Завтраки ко времени. Правда слышимость сильная и трясёт от проезжающий трамваев.,4.0,ru,2024-03-15
yandex_59203902736_efd979dd500db472,yandex,59203902736,"Ночью приехали в город с семьей. Еле нашли свободную гостиницу, на наше счастье это был отель сити хотел 😄, нас очень приветливо встретила администратор, подобрала нам одноместный номер, мы прекрасно разместились, так как всю ночь пробыли в дороге очень проголодались, администратор лично приготовила нам поесть, выделила дополнительные тапки. В самом отеле очень чистенько и красиво, идеально чистое постельное белье и полотенца! В следующий раз по приезду в Оскемен обязательно остановимся именно тут.",5.0,ru,2019-11-26
yandex_59203902736_1f780f78c7bb2749,yandex,59203902736,"Очень чисто. По-настоящему приветливый персонал. Помогли с симкой билайна. Вызов такси. Идеальная (честно!) чистота в номерах. Полотенца меняли ежедневно. Холодильник, чайник, фен - без вопросов. Завтраки хорошие (и не только завтраки). Кондиционер в номере чистый (обслуживают). Санузел просторный и удобный. Рядом с гостиницей небольшой рынок. Так что для деловых поездок (а также туризма с короткой остановкой) вполне хорошо. На твердую 4.",4.0,ru,2019-08-02
yandex_59203902736_2ca06615528e72d5,yandex,59203902736,"Очень чисто . Все своевременно , документы идеальные, номер идеальный. Ни соринки, ни волосинки, ни пылинки. Белье чистое, халаты и полотенца идеально белые и впитывают всю воду быстро. Мимо ходит шумный трамвай до центра. Это удобно . Трамваи обладают своим неповторимым настроением .",5.0,ru,2021-07-05
yandex_59203902736_6b7fa4734a36e40d,yandex,59203902736,"Хороший отель, останавливалась несколько раз. Соотношение цена и качество очень хорошее. Номера чистые, убирают каждый день. Завтраки вкусные, персонал приветливый. Рекомендую",5.0,ru,2024-04-05
yandex_59203902736_286c62f7a562cfbe,yandex,59203902736,"Очень понравилось. Номера чистые. Кровать в номере очень мягкая и самое то после работы. Понравился завтрак, большая порция и свежесваренный кофе.",5.0,ru,2022-09-03
yandex_59203902736_750495a06b138220,yandex,59203902736,"Очень уютный отель, ответственный и доброжелательный персонал. Мне понравилось здесь останавливаться",5.0,ru,2025-07-11
yandex_59203902736_418ccd766d8d4bc3,yandex,59203902736,"Небольшая частная гостиница, бывшая общага. Чисто, есть все необходимое. Хозяева искренне стараются, чтобы гостям было комфортно. Обалденно вкусные и обильные завтраки-за ник отдельный респект! Мне все понравилось, рекомендую путешественникам и командировочным.",5.0,ru,2020-02-21
yandex_59203902736_5856c9aea3e15a7e,yandex,59203902736,"Отличная гостиница!!! Номера хорошие, прекрасный профессиональный персонал",5.0,ru,2025-11-03
yandex_59203902736_d0f5b0dc0b8f00dd,yandex,59203902736,"Хороший отель. Номера чистые, уютные. Убираются в номере каждый день.",5.0,ru,2024-06-28
yandex_59203902736_623c3853e0d7df8a,yandex,59203902736,"Прекрасный персонал. Зимой в номерах было холодно очень, дали ветродуй, но мало помогал. В остальном все стандартно",4.0,ru,2024-06-11
yandex_59203902736_3f24fc4744df06fd,yandex,59203902736,"Небольшой отель, но вполне соответствует своему названию. В основном 1, 2 местные комнаты, люкс, полулюкс, есть ВИП аппартамент. Свежее белье, тапочки одноразовые, ресторан внизу. Цены приемлемые. Одно есть преимущество, что заведение находится не на глазах🙂",4.0,ru,2019-11-03
yandex_59203902736_f7bc6ab402e03e48,yandex,59203902736,"Понравилось обслуживание хрустящая свежесть простыней завтрак включен хорошее начало дня, есть ресторан для тех кто хочет. Вобщем все что надо для того кто тут по делам.",5.0,ru,2022-11-29
yandex_59203902736_86e430863ee846bd,yandex,59203902736,"Отель хороший, номера чистые ванная чистая. Заехал в 22:30 к сожалению ресторан не работает покушать не удалось, так же в номере за 18000 тысяче нету даже воды пришлось купит на ресепшене за 400 тенте. Только 4 звезды и за ресторана и воды.",4.0,ru,2023-02-09
yandex_59203902736_05ac6634ceba193d,yandex,59203902736,"Отличная гостиница. Завтраки неплохие, на выбор яичница, омлет или каша. Номера чистые, уютные. Сантехника вся работает. Есть стол для работы и wi-fi.",5.0,mixed,2022-06-24
yandex_59203902736_c8e0817a73b9a3a3,yandex,59203902736,"Завтрак приятный. Отель популярный. Слвшымость хорошая. Подъём в районе 6ти утра с первым трамваем. Отель находиться вдоль трамвайных путей и вебрирует, когда вагон движется мимо. В остальном всё хорошо.",3.0,ru,2022-05-22
yandex_59203902736_1a744ef8e75ae963,yandex,59203902736,"Рекомендуем данный отель,но номер необходимо брать с видом во внутренний двор,т.к. отель расположен у транспортной дороги по которой ходит трамвай и очень шумно. Вежливый персонал,ттличный завтрак. Мы остались довольны.",5.0,ru,2019-03-08
yandex_59203902736_dcc8bbbe17c0e3cf,yandex,59203902736,"Необходимый минимум есть. Ничего лишнего, все что нужно есть, чисто, опрятно, без всяких изысков - вариант для работы. Завтраки оч скромные - есть над чем поработать. Цена качество - отличное",4.0,ru,2023-04-06
yandex_59203902736_27b3e4caea587fa0,yandex,59203902736,"Всё понравилось. Номера хорошие, чистые, уютные. Всё чисто. + завтраки делают на выбор и ко времени как вам удобно.",5.0,ru,2024-01-22
yandex_59203902736_456c0032f1ca7dd6,yandex,59203902736,"Всё замечательно!!! Чистая постель, тепло и уютно! Внимательный персонал, хорошая парковка",5.0,ru,2023-12-29
yandex_59203902736_1187d6a930ec4b68,yandex,59203902736,"Средние расценки, чистые номера, приветливый персонал. Неудачное расположение, трамвайные пути рядом с гостиницей, когда проезжает трамвай, трясется все здание - эдакое микроземлетрясение.",4.0,ru,2018-11-25
yandex_59203902736_d02b517b132087c2,yandex,59203902736,"Очень уютный небольшой отель. Номера чистые, опрятные. Вежливые сотрудники. Вкусные завтраки.",5.0,ru,2021-09-24
yandex_59203902736_6f19ecd098ccc3da,yandex,59203902736,Гостиница хорошая. Скромно и уютно. Персонал располагает к себе своей естественной приветливостью. Встретили как будто вчера расстались)) буду останавливаться в этой гостинице,5.0,ru,2021-07-20
yandex_59203902736_583d75c162ecc2ca,yandex,59203902736,Уютная гостиница с вежливым персоналом и отличными завтраками.,5.0,ru,2024-09-15
yandex_59203902736_abc25263fc2870f6,yandex,59203902736,"пожалуй, один из немногих плюсов этого города) чисто, светло, очень вкусно готовят и всегда ответят на любые вопросы, помогут с любимым вещами",5.0,ru,2019-03-14
yandex_59203902736_016950ae25f74b6e,yandex,59203902736,Хорошый отель недолеко от центра города. В пешей доступности парк Метолургов. Вкусные и сытные завтраки. Есть комплексные обеды и ужины за 800 тг.,4.0,ru,2019-04-20
yandex_59203902736_eebab7a00820adfb,yandex,59203902736,"Хорошая гостиница. Был в командировке. Приветливый персонал, кровать на которой можно выспаться, отличный завтрак.",5.0,ru,2023-02-10
yandex_59203902736_ddea7355a07bcb56,yandex,59203902736,"Мини-гостиница с чрезвычайно завышенным рейтингом, вводящим в заблуждение. Совершил ошибку и остановился здесь в ""люксовом"" номере, с окнами, выходящими на парковку. Окна не имеют режима проветривания - на первом этаже их приходится открывать как двери для прохожих или сидеть в духоте. Шторы не открыть, так как на парковке постоянно ходят люди. Завтрак удивительно невкусный. В округе частный сектор без намëка на магазины или кафе. При всëм этом стоимость проживания на уровне центральных гостиниц. Крайне не рекомендую.",2.0,ru,2024-05-14
yandex_59203902736_3456ca55a625224f,yandex,59203902736,"Единственный минус - рядом ходит трамвай, и в отеле его слышно. В остальном, только плюсы - от чистоты до завтраков.",5.0,ru,2021-09-05
yandex_59203902736_0d8954afc1c011d4,yandex,59203902736,"Ехали проездом, через Усть-Каменогорск, но сломалась машина, выбрали случайно этот отель и всё понравилось, вежливые, а завтрак вообще шикарный. Спасибо!)",5.0,ru,2019-06-17
yandex_59203902736_b6ba79d4aa24c547,yandex,59203902736,"Просторный номер, вкусные завтраки, все понравилось",5.0,ru,2024-12-19
yandex_59203902736_94f3976715c5b15e,yandex,59203902736,"Очень чисто, вкусный завтрак, единственный минус это трамвайная линия, но был на столько уставшими что было пофиг на них",4.0,ru,2019-09-05
yandex_59203902736_4ba67ca75796064e,yandex,59203902736,"Неплохое место для командировки, очень большие номера, довольно чисто, хороший завтрак",4.0,ru,2020-01-28
yandex_59203902736_44e95d26f52c53f7,yandex,59203902736,Хорошее теплое заведение. Покушать и отдохнуть в тишине,5.0,ru,2026-01-27
yandex_59203902736_da9c341188850810,yandex,59203902736,"Отличная гостиница, демократичные приемлимые цены. Вкусные завтраки и комплексы. Отличный конференц-зал",5.0,ru,2019-02-25
yandex_59203902736_9595f1a95716d3cd,yandex,59203902736,"Отзывчивый персонал!!!Приехали с России по работе,была проблема с наличкой,быстро порешали вопрос за что очень благодарны.",5.0,ru,2023-12-29
yandex_59203902736_3dd92c2ae3ec3edc,yandex,59203902736,"Жил в стандартном номере, где от входной двери до постели 1.5 метра.)) И дрожь земли, когда трамвай рядом проходит.))) В целом все более-менее нормально, но надо развиваться.",3.0,ru,2021-06-29
yandex_59203902736_0d10d4ca32dbdd67,yandex,59203902736,Спокойное место. Чисто и уютно. Ничего лишнего. Хорошие завтраки.,5.0,ru,2021-09-09
yandex_59203902736_766ec0ac041bea5c,yandex,59203902736,Просторные номера и отличное обслуживание за невысокую цену,5.0,ru,2023-10-10
yandex_59203902736_f6d1a270cf2987db,yandex,59203902736,"Очень уютный, чистый отель, все время останавливаемся здесь в командировке.",5.0,ru,2024-04-05
yandex_59203902736_fab941358d0cab8f,yandex,59203902736,"Замечательные сотрудники , хороший отель!",5.0,ru,2025-01-18
yandex_59203902736_9899079acedac130,yandex,59203902736,"Просторный номер люкс из двух комнат. Никаких посторонних запахов, все чисто.",5.0,ru,2020-02-26
yandex_59203902736_09bdac8624ab99f0,yandex,59203902736,"Чисто, хороший персонал, номера не большие, но все необходимое есть. Неплохие завтраки",5.0,ru,2024-03-07
yandex_59203902736_f20acbc94f10bb47,yandex,59203902736,"Хорошая гостиница, за свои деньги вообще отличная. Единственное мешает трамваи.",4.0,ru,2022-08-18
yandex_59203902736_dfaefdf8163ee1a9,yandex,59203902736,"Забыли про нас, оплатили завтрак при заселении но нам его не приготовили",3.0,ru,2026-01-25
yandex_59203902736_03916b742d89cc60,yandex,59203902736,"Отличный завтрак, вежливый и находчивый персонал. Рекомендую.",5.0,ru,2019-10-11
yandex_59203902736_49f2d262eb894b4f,yandex,59203902736,Цены оптимальные часто туда и оттуда забираю клиентов,5.0,ru,2026-04-25
yandex_59203902736_e219c38142a690a4,yandex,59203902736,Чисто. Уютные номера. Съедобные завтраки.,3.0,ru,2019-11-21
yandex_59203902736_01b76657f3c50259,yandex,59203902736,Хорошее место. Завтрак хороший.,5.0,ru,2025-07-08
yandex_59203902736_8a164518c9740db3,yandex,59203902736,Тихая домашняя гостиница с хорошими завтраками и кухней,5.0,ru,2019-09-17
yandex_59203902736_51d23c5ba3d88795,yandex,59203902736,Благоустроеная мини гостиница со всеми положенными услугами.,5.0,ru,2023-12-11
yandex_59203902736_c0e63ff9e5a30285,yandex,59203902736,"За сам отель 4 +. А за трамваи -3. Когда проезжает трамвай, во первых слышно, а во вторых отель весь трясётся.",3.0,ru,2018-11-26
yandex_59203902736_ee44c3f32af0bde4,yandex,59203902736,Лучшее решение по цене качество. Очень вежливый персонал.,5.0,ru,2023-10-05
yandex_59203902736_8b47c1a522c65653,yandex,59203902736,"Утром завтрак на выбор, доброжелательный персонал. Ремонт видал виды.",2.0,ru,2018-09-19
yandex_59203902736_ebc104b6ad30c49a,yandex,59203902736,"Гостиница удобнее, теплый и комфортно.",5.0,ru,2025-03-09
yandex_59203902736_989c8b1303c0d0b9,yandex,59203902736,Вежливый персонал. Всё отлично 👍🏻,5.0,ru,2025-11-18
yandex_59203902736_e5d2f9cb253c7708,yandex,59203902736,"Хороший отель. Но. Трамвай шумит. Для тех, кто чувствителен к шуму, не пойдёт",5.0,ru,2023-03-30
yandex_59203902736_1dc9121379f9e5e2,yandex,59203902736,Хоть бы стакан в номер поставили,1.0,ru,2025-03-19
yandex_59203902736_60410893cb8d4c7f,yandex,59203902736,"Очень понравилось.Уютная гостиница,вкуснейший завтрак.Доброжелательный персонал.",5.0,ru,2019-08-07
yandex_59203902736_2596512b0724a91f,yandex,59203902736,Очень уютное место. Очень хороший персонал. Все класс!!!,5.0,ru,2023-06-26
yandex_59203902736_0e1d495a74e2b54c,yandex,59203902736,"средний небольшой отель, сервис неплохой",3.0,ru,2022-07-31
yandex_59203902736_296fc4a4c79958a9,yandex,59203902736,"Отличный отель, рекомендую",5.0,ru,2025-11-03
yandex_59203902736_7ee2c1d40555ff4b,yandex,59203902736,"Отличный Отель, отличный сервис и персонал!",5.0,ru,2018-03-03
yandex_59203902736_00812c21a83ef4d3,yandex,59203902736,Очень чисто. Приветливый персонал.,5.0,ru,2021-09-15
yandex_59203902736_36beacd33f71867c,yandex,59203902736,"Номера хорошие, но трамваи тресут всю гостинницу.",4.0,ru,2018-05-29
yandex_59203902736_6b403352f914144d,yandex,59203902736,Все вкусно и безупречно !,5.0,ru,2024-02-05
yandex_59203902736_ca7fb8febc93fa08,yandex,59203902736,Очень внимательный и обходительный персонал.,5.0,ru,2019-05-29
yandex_59203902736_31109bfb5f427285,yandex,59203902736,"Гостиница очень печальная, по мне так лучше бы квартиру снял",3.0,ru,2021-09-28
yandex_59203902736_7843934b13ed2f6e,yandex,59203902736,"Хорошее место, чисто. Приятно находиться.",5.0,ru,2020-12-28
yandex_59203902736_1ba72c5502249d57,yandex,59203902736,"Чистота, вежливый персонал!",5.0,ru,2018-04-18
yandex_59203902736_b3d7341fe2a5e0ed,yandex,59203902736,"Хорошее, спокойное место.",5.0,ru,2021-12-07
yandex_59203902736_36ee8a17664df8d2,yandex,59203902736,Очень хорошо хотя и и небыл там но друзья сказали что классно,5.0,ru,2013-08-15
yandex_59203902736_11263c0c93006e02,yandex,59203902736,Приходила на педикюр в ice cream студию,5.0,mixed,2024-03-18
yandex_59203902736_29c1932aa6dfe478,yandex,59203902736,Мне вообще все понравилось! Все супер. Только где Это???? Задрали своей рекламой....,1.0,ru,2018-04-11
yandex_59203902736_7f8b6c3b816bd295,yandex,59203902736,"Январь 24. Нам понравилось. Завтрак готовили в 6:30 по желанию. В поле -30 холодно, номер очень теплый.",5.0,ru,2025-01-24
yandex_59203902736_f687a3f0cddc7928,yandex,59203902736,"Бутик и красивый отель небольшой, но удобная уборка хорошие сотрудники были сердечными и дружелюбными AMI",5.0,mixed,2024-10-22
yandex_1116788313_144a70d1bcbd7268,yandex,1116788313,"Персонал вежливый. Но слышимость высокая, дверь деревянная и через неё слышно всё, что происходит в коридоре. В номерах старая мебель, пахнет хлоркой как в больнице (зато есть уверенность, что за чистотой следят). Не могу поставить низкую оценку этой гостинице, так как цены соответствующие! Это дешевая гостиница для Усть-Каменогорска. Стоит сразу учитывать то, что за 7000 тенге вам не предоставят номер с евроремонтом и какими-то дополнительными сервисами. Дешево, ремонт и мебель соответствуют цене. Придираться бессмысленно. Если приезжаете на неделю, то можно и стерпеть - получается существенная экономия с учетом того, что за 7000 тенге дают полноценный номер с собственным санузлом.",4.0,ru,2024-06-18
yandex_1116788313_21c8ebdbfd5b388c,yandex,1116788313,"Ужасное место, мебель грязная разбитая в ванной ручки нет, в номере странный запах!!!! В этом месте останавливаться нельзя!!!!!!!!!",1.0,ru,2025-03-12
yandex_1116788313_953d4c6798e5f358,yandex,1116788313,"Спасибо администратору, что не оставила нас ночевать в машине. Вечером не успели обменять рубли на тенге, заселила нас под честное слово, что утром, с открытием обменника, обменяем деньги и расплатимся. Гостиница из Советских времён, но поддерживается в порядке. Чисто, уютно, недорого.",5.0,ru,2023-06-21
yandex_1116788313_b49970800ff3f59f,yandex,1116788313,"Номер брал «Люкс» (21 номер -10000 Тенге в сутки). Кровать двуспальная, постельное белье чистое. На этом наверное все преимущества «Люкса» заканчиваются. В номере кроме кровати имеется прикроватная тумба, стол письменный с ободранными углами, без ручек на выдвижных ящиках; маленький, перекошенный холодильник; кондиционер almacom; телевизор haier. В ванной комнате стоит ванна; пробки нет; шторки для душа нет; крючки для полотенец поломаны или деформированы; мусорная корзина «потеряла голову» (крышка отломана); в номерах никакой звукоизоляции, слышно не только соседей за стеной но и из самого дальнего номера наверное. Очень шумно! Звук проезжающих машин такой как при открытых окнах (окна выходят на фасадную часть здания); телефона в номере нет; при входе стоит тумба и шкаф, который по всей видимости для выравнивания подперт от стены валиком из тряпок. Если вкратце: не рекомендую данную гостиницу тому, у кого есть выбор. Я лично пошёл в неё т.к. очень рано приехал и нужно было отдохнуть после суток дороги. Остановился на сутки, если буду задерживаться, то гостиницу сменю однозначно!☝️",1.0,mixed,2022-08-31
yandex_1116788313_a605d9bb5a7f1355,yandex,1116788313,"Из плюсов только место расположение и расчётное время выезда в 15:00. Стоимость за номер категории ""стандарт"" от 7000т. Номерной фонд изношен полностью. Сантехника разваливается и отваливается. Мебель старая. Остаётся удручающе впечатление.",2.0,ru,2023-08-23
yandex_1116788313_9ccf43f71a5121a4,yandex,1116788313,"Я был в командировке В усть-каменогорске, случайно нашли эту гостиницу с моей супругой, ни чего хорошего сказать не могу и не хочу, первый раз в жизни мне очень не понравилось находиться в помещении в котором пахло, сыростью. Хотели принять душ 🚿после приезда, но в ванной комнате не было не душевова шланга, ни каких средств гигиены, и тапочки которые дают бесплатно в любой гостинице нам продали по 500 тенге за пару, ещё тысяча , проживанию 7000. И того 8000 тысяч не за что. В комнате было холодно, притом что на улице была минусовая температура . Искать что-то лучшее с дороги не было сил. НЕ СОВЕТУЮ !!!!!",1.0,ru,2021-10-21
yandex_1116788313_a15507ac008f5a76,yandex,1116788313,"Был в командеровке. Гостиница как проходной двор, слышимость суперская, то охи вздохи, то кто-то ищет своего собутыльника. Кроме вежливого персонала больше плюсов нету. Хозяину надо задуматься о ремонте. Цена за номер для такой гостиницы завышена.",3.0,ru,2023-05-02
yandex_1116788313_5df4fdfd8f9822f1,yandex,1116788313,"Ужасная гостиница! Практически кухни нет! Мебель вся ели ""живая""! Сатехника на в плохом состоянии. Электро розетки вывалились из стены. Плохая уборка. Очень много пьяных компаних, шумят, кричат. Служба безопасности спит за стойкой и не делает ни кому замечаний!",1.0,ru,2020-03-15
yandex_1116788313_ef096505068378a1,yandex,1116788313,"Гостиница хорошая. Всё чисто ,персонал вежливый. Одну звезду сняла потому что небыло горячей воды. Был ремонт теплотрассы. Ну и цена адекватная.",4.0,ru,2021-09-09
yandex_1116788313_5e2deae8d9f3f435,yandex,1116788313,"Грязые простыни... Непонятно в чем. Какие то маленькие насекомые на полу. Расчет происходит в 3 часа дня, даже если ты заехал в 9 и снял номер на сутки... Вообщем так себе... Очень четкая слышимость из соседних номеров",3.0,ru,2022-02-22
yandex_1116788313_b42b3662995d266a,yandex,1116788313,"Брал номер стандарт. Были муровьи в номере, руководство прошу научить персонал пользоваться кассовым аппаратом. Нужен был чек для отчётности, администратор не смог его сделать, так как не умеет пользоваться. В остальном все норм, админ внимательный",3.0,ru,2021-05-17
yandex_1116788313_c9b17ab4f87e5bc6,yandex,1116788313,Гостиница хорошая. Только минус мест часто нет. Только для международным,3.0,ru,2025-07-26
yandex_1116788313_cc1b3240b3d46a00,yandex,1116788313,Очень очень не хорошо не передать это все словами.хоть бы ремонт сделали да мебель поменяли все сломано болтается ужасная гостиница,1.0,ru,2023-05-24
yandex_1116788313_a834997e7fdde4f4,yandex,1116788313,Хорошая гостиница отзывчивый персонал вежливый администратор,5.0,ru,2024-10-09
yandex_1116788313_662f9653271d51c4,yandex,1116788313,"Очень старые и грязные номера! Давным давно всё обветшало! Шторы как портянки, ещё и прожженые!",1.0,ru,2019-09-04
yandex_1116788313_584ee254902f52f9,yandex,1116788313,"Соотношение цена/качество. Приветливый персонал, доброжелательное отношение. Жаль, что не стало минибара.",4.0,ru,2019-11-20
yandex_1116788313_eed3c7fa7214db0d,yandex,1116788313,"Неплохая и недорогая гостиница, номера небольшие, но в целом достойные, хотя с 2016 года могло что то изменится",5.0,ru,2019-02-19
yandex_1116788313_cb37ebc2be744443,yandex,1116788313,"Номер очень дорогой, нет ни телевизора ни интернета, даже одеяло нет, стоит маленький холодильник и тот выключен.",1.0,ru,2020-03-04
yandex_1116788313_7e7cb0c9d3d75220,yandex,1116788313,Удобное расположение гостиницы. Уютные номера. Чистое бельё.,5.0,ru,2019-07-28
yandex_1116788313_a636f3e58410a851,yandex,1116788313,Полозвездная гостиница По телефону скажетдругую сумму подойдёшь когда ответит таких номеров не свободно,1.0,ru,2022-08-11
yandex_1116788313_df3dad22027a0e16,yandex,1116788313,"Переночевать можно,все чистое,персонал отзывчивый.",4.0,ru,2022-11-26
yandex_1116788313_a01c5da58bee1e05,yandex,1116788313,Мне понравилось гостиница!,5.0,ru,2025-04-05
yandex_1116788313_2727fa33b526c5f4,yandex,1116788313,"Полный ужас ,грязь по всюду,работники не выполняют полностью свою работу.",1.0,ru,2022-04-23
yandex_1116788313_6015ba54ab2503c9,yandex,1116788313,Удобное расположение. Разумная цена. Паркинг.,5.0,ru,2019-12-13
yandex_1116788313_3568cabbb165beae,yandex,1116788313,Извините за выражение гостиница конченная не гостиница клоповник какой то даже полотенца не выдают не говоря уже о других вещах,1.0,ru,2021-09-14
yandex_1116788313_5f580afa66a2ddaa,yandex,1116788313,Срочно нужно сделать ремонт,5.0,ru,2025-09-02
yandex_1116788313_90b706d1351230c6,yandex,1116788313,Гостиница просто ужас пахнет хлоркой,1.0,ru,2021-09-14
yandex_1116788313_a00f8f242c2a6129,yandex,1116788313,Не уютно в номерах лучше снять квартиру,2.0,ru,2024-05-02
yandex_1116788313_44a852d63499f181,yandex,1116788313,"Цены по прайсу просто космос не соответствует с номерами,но можно по цене и договорится.",3.0,ru,2019-04-07
yandex_1116788313_b7a66e05ffba68a9,yandex,1116788313,Хорошая кухня. Повар супер!!,5.0,ru,2018-12-21
yandex_1116788313_56776d02fb0495af,yandex,1116788313,Я хожу туда в фотошаблон.Часто там делаю распечатку и фото.,3.0,ru,2024-03-27
yandex_1116788313_cdf0a6488e3a6ecc,yandex,1116788313,"Дорого,рядом есть не хуже и дешевле",4.0,ru,2024-07-14
yandex_1116788313_56cf46dea257b390,yandex,1116788313,Грязно и пахнет плесенью.,2.0,ru,2021-10-01
yandex_1116788313_31ec4ea2de3fd862,yandex,1116788313,"Хорошая гостиница. Уютно, чтсто.",4.0,ru,2020-09-29
yandex_1116788313_865075cd96688d0b,yandex,1116788313,Отвратительное место все старое и убитое цена не соответствует!!!,1.0,ru,2018-11-05
yandex_1116788313_5a790bd55d364231,yandex,1116788313,Самые горячие воспоминания 😆😆😆,5.0,ru,2023-12-12
yandex_1116788313_c6de01d19d2645c5,yandex,1116788313,"Нормально все, молодцы! Документы делают!",5.0,ru,2019-01-24
yandex_1116788313_5b9e9f3877700048,yandex,1116788313,Это бывшее кулинарное училище. А гостиница не очень и цена для неё завышена.,5.0,ru,2019-06-14
yandex_1116788313_4cfe8fb6d4710648,yandex,1116788313,Отель в названии. Пятизвездочный беп конечно сказать не могу,5.0,ru,2025-04-09
yandex_1192182763_f6667fe1cb10db44,yandex,1192182763,"Проживала в отеле с 17 по 24 июня в номере улучшенный стандарт. Осталась очень довольна обслуживанием. Мне понравилось абсолютно все - номер просторный, есть все необходимое для комфортного проживания. Очень удобная кровать и подушки(я много путешествовала и есть с чем сравнить), есть кондиционер, все необходимые принадлежности халат, тапочки, фен, гель и шампунь. Уборка делается ежедневно, все очень чисто. Есть услуги прачечной. В отеле есть два ресторана с прекрасной кухней! Вкусно было все, что я попробовала. Можно заказать еду в номер, чем я часто пользовалась. Очень разнообразные завтраки, на любой вкус, омлет или яичницу могут приготовить при вас. Очень удобное расположение отеля - в центре города и все в шаговой доступности магазины, банки, остановки. Круглосуточный ресепшен и очень доброжелательный персонал, я жила неделю и общалась со многими. У меня был ранний выезд и я попросила меня подстраховать и разбудить - все сделали вовремя. Всем без исключения огромное спасибо за неделю очень комфортного проживания в вашем отеле! С удовольствием вернусь еще!",5.0,ru,2025-07-13
yandex_1192182763_dfa988fa80d409b4,yandex,1192182763,"Местные сказали что это один из лучших отелей. Но отель старый, душевые и туалет как будто зашел в туалет поезда Тальго. Но следят за чистотой хорошо, в номере чисто. Обслуживание в ресторане где проходит завтрак ужасное. Девушка которая стоит на стешейне где жарят яичницу просто делает это все с большим одолжением. мы хотели зайти один раз в ресторан ночью и нам сказали туда нельзя там вип гости. Впечатления от отеля не самые лучшие, о гостеприимстве в этот отель не слышал. Горничная исключение, делает свою работу хорошо. В Оскемене была первый раз.",2.0,ru,2026-01-26
yandex_1192182763_057ea10d167f3133,yandex,1192182763,"Очень хороший отель.Из минусов только душевая кабина ,по дизайну общему не в писывается.А так я даже не помню ,когда так высыпалась.Белье хрустящие и белоснежное,удобный матрас.Вид на реку.Завтрак просто супер .Пироженок много,кофе очень вкусный.персонал тоже понравился вежливые девчонки на ресепшене.рекомендую!!!",5.0,ru,2025-11-10
yandex_1192182763_7a9804e0ecee5536,yandex,1192182763,"Все хорошо: вкусный, разнообразный завтрак. Вежливый персонал. Парковка на территории отеля. Но номера без окон, точнее - номера с окном в коридор, и в связи с этим закрытые каким-то панно, это - аут... проветрить номер невозможно. И ещё один момент: туалет с душем, это какая-то пластиковая капсула рассчитанная на человека очень маленьких габаритов, очень неудобно.",4.0,ru,2025-05-24
yandex_1192182763_d18ccdcbbd9d32f1,yandex,1192182763,"Начиная от интерьера и до самого номера, всё понравилось. Месторасположение удобное. Цена адекватная. В номере чисто, всё необходимое предложено. Вид из окна, как повезёт. Можно выбрать с завтраком или без, цена реально и ощутимо меняется. Быстрое заселение, приятное обслуживание.",5.0,ru,2025-06-18
yandex_1192182763_19747e79ebf5f915,yandex,1192182763,"Ежедневная уборка создает атмосферу чистоты и комфорта для всех гостей. Вежливый персонал всегда готов помочь и сделать пребывание приятным и запоминающимся. Завтраки не поражают изысками, но всегда предлагают сытное и полноценное начало дня. Общая атмосфера располагает к отдыху и расслаблению после насыщенного дня. Благодаря всему этому, проживание здесь оставляет только положительные впечатления.",5.0,ru,2025-08-29
yandex_1192182763_160e0ebde462a689,yandex,1192182763,"Отель классный, номера ухоженные, очень тёплые. Обслуживание отличное, персонал вежливый, приветливый. Отдельное спасибо за вкусные завтраки, вспоминаю с теплотой. Приятное местечко!)",5.0,ru,2025-03-11
yandex_1192182763_44c40f9d07d50b0f,yandex,1192182763,"Господа, очень хотел поставить пятерку, но не могу. Прекрасный персонал, очень хороший завтрак, отличное местоположение, но вот санузлы очень не очень. Полностью пластиковый, ужасный напор воды, плохо регулируемый поток, засоренный слив, а самое жуткое нет вытяжки!!!! Санузел на два, все остальное на 5, итого ставлю 4. Жили вдвоем, с разделенными кроватями, цена за ночь 35 т.т. с завтраком.",4.0,ru,2025-07-02
yandex_1192182763_3dd2d8c0c5421b28,yandex,1192182763,В этом городе только эта гостиница! Уровень обслуживания на высшем уровне. Еда в ресторанах объедение. Номера очень даже уютные. В фойе аквариум. Черепаха растёт на наших глазах),5.0,ru,2025-12-24
yandex_1192182763_2572fd2f9b4dcb93,yandex,1192182763,Отличная гостиница. Останавливался в январе. Номер чистый. Обслуживание хорошие.заселились быстро. Кухня отличная. На завтрак шведский стол. В номерах тепло,5.0,ru,2026-01-22
yandex_1192182763_e169880b35213f1d,yandex,1192182763,"Хорошая гостиница, все понравилось, напротив есть набережная, можно погулять. Номер чистый, удобный. Есть завтраки, вкусные, свежеприготовленные, персонал вежливый и приветливый.",5.0,ru,2025-06-12
yandex_1192182763_c084fefeee4ec9c1,yandex,1192182763,"Хорошая, добротная гостиница. Уютные номера, хорошо убираются, чисто. Завтрак очень хороший, разнообразие блюд, есть томатный сок!!! Персонал дружелюбный, отзывчивый",5.0,ru,2025-11-26
yandex_1192182763_a1efb479a87e9bcf,yandex,1192182763,"Один из лучших и дорогих отелей города, расположен на берегу реки Ульба с красивой набережной. Номера в отеле удобные и чистые, персонал вежливый.",5.0,ru,2025-01-21
yandex_1192182763_335d99019e580dd9,yandex,1192182763,"Часто бываю. Много сделано , часто обновление интерьера и ассортимента в ресторанах . Все всегда вкусно . Несколько раз посетила салон красоты : один раз испортили ногти , не знала , что новая маникюрша . Второе делала завивку , не советую , так крутилась волосы , что ощущения боли до сих пор . Мытье головы : никогда ни в одном салоне такого не было , так вертила шею Карина , что до сих пор болит . Не советую",1.0,ru,2025-04-10
yandex_1192182763_bfdfc5f737abb4f5,yandex,1192182763,Всё очень понравилось. Есть номера для курящих и не курящих людей. В номерах удобно и просторно. Вкусные завтраки - шведский стол. Из минусов только один - нет чайников в номерах и кулера на этаже.,5.0,ru,2025-09-09
yandex_1192182763_7e84124624dd5b71,yandex,1192182763,"Переночевать можно, но ремонта в гостинице давно не было, все старенькое, душевая в номере прикольная, чем то напоминает сан узел в поезде или в самолёте. В общем пойдет если негде больше оставиться",4.0,ru,2025-07-11
yandex_1192182763_7add1fe6ff389a59,yandex,1192182763,"Помпезно красивый торжественный банкетный зал. Средняя гостиница на берегу реки,почти всегда полная гостей,но не мешает,тихо. Есть номера,требующие ремонта. Персонал приветливый,отзывчивый,вежливый.огромный шведский стол на завтрак.на последнем этаже хороший салон красоты со всеми услугами.",5.0,ru,2024-07-25
yandex_1192182763_2a4db9c4c0790595,yandex,1192182763,"Находится недалеко от центра, но до небрежной идти прилично по мерках Оскемена, т.к. город небольшой. Гостиница уютная, но старая. Номер, где останавливался, требует косметического ремонта.",3.0,ru,2025-07-21
yandex_1192182763_9fd2cebb90f1f1cf,yandex,1192182763,"Отель среднего уровня. Некачественные входные двери через которые доносятся все шумы из коридора. Будьте внимательны при бронировании - есть комнаты, в которых окна выходят в коридор.",3.0,ru,2024-12-08
yandex_1192182763_24383e7d5bf85fe4,yandex,1192182763,"В гостинице мне очень нравится ресторан и их там да !)))) Отличная кухня ,качество еды очень на высоком уровне ! Часто езжу ужинать в них!!! И вообще,в этом место мне комфортно !!! Там много услуг есть медицинских и уходовых,в медицинском центре и салоне красоты !!!! Рекомендую!!!!",5.0,ru,2025-01-25
yandex_1192182763_bbd7ff4d77876a70,yandex,1192182763,"Очень приличное внутреннее пространство, стандартные номера так себе по площади, но жалоб нет. Что реально впечатляет в этом отеле - ресторан. Великолепная кухня, действительно необычные и очень вкусные салаты. Ну и, разумеется, удачное расположение.",5.0,ru,2024-08-01
yandex_1192182763_812d4fe79d285c8a,yandex,1192182763,"Одна из лучших гостиниц в Усть-Каменогорск но нужно сразу сказать что и одна из самых дорогих и намного дороже чем отели такого же класса в Алмате и Астане. Честные 3 🌟. В номерах чисто, мебель нормальная. Эконом номера маленькие и без выхода окон наружу некоторые. Очень тихо ночью. Завтрак неплохой шведский стол но без огромного разнообразия. Отдельное спасибо за рыбок и черепаху на лоб :). Персонал и обслуживание очень хорошее. И мега необычный сан узел:)",5.0,ru,2023-10-19
yandex_1192182763_e1ba323468c0c57d,yandex,1192182763,"К сожалению, я не могу рекомендовать данное место, поскольку у меня сложилось крайне негативное впечатление. Администратор Алина, на мой взгляд, выглядела не очень приветливо, была нервной и вела себя не совсем адекватно, что, к сожалению, отразилось на общении с клиентами. Мне очень жаль, что моя поездка в Усть-Каменогорск из Алматы оставила столь неприятное впечатление.",1.0,ru,2025-09-16
yandex_1192182763_12349b5bed1262fa,yandex,1192182763,"Часто останавливаюсь в этом отеле когда бываю в Оскемене. Расположен на набережной реки Ульба и в историческом районе города. В отеле чисто, уютно и комфортно!👍",5.0,ru,2025-09-20
yandex_1192182763_facda6da39ace3df,yandex,1192182763,"Красивый интерьер, прекрасное обслуживание и хорошо все выглядит, оставили только хорошее впечатление о себе и об этом месте, самая приятный отель",5.0,ru,2026-02-23
yandex_1192182763_d9da8354055de4a2,yandex,1192182763,"Медицинский центр Shiny River-место , куда хочется всегда возвращаться! Мастера и специалисты- Профи !Сервис и порядок, клиентоориентированность- блестяще! Удачи и процветания!!",5.0,mixed,2025-11-01
yandex_1192182763_856a3809d6de3e27,yandex,1192182763,"Отличный отель. Чисто, уборку в номере проводят ежедневно и качественно. Персонал отзывчивый, всегда идет навстречу.",5.0,ru,2025-10-25
yandex_1192182763_bdb3b57d3b51a6ee,yandex,1192182763,"Приезжая в Усть-Каменогорск, всегда останавливаемся в этой гостинице. Просторные номера, шикарные завтраки, расположена у реки. Приветливый персонал! Рекомендую",5.0,ru,2024-10-03
yandex_1192182763_f4fd9d271f0d5fce,yandex,1192182763,"Помпезная гостиница но номера если не брать дорогие люксы так себе. Пластиковый, в самом прямом смысле туалет, местами поломаный, в котором нет вентиляции. Неудобное расположение розеток как у кровати так и столика. Сесть на компьютере и поработать негде.",4.0,ru,2024-07-23
yandex_1192182763_13fa2f0fbe25c769,yandex,1192182763,"Жил в двухместном стандартном номере, Окна на улицу не было, окно было - улицы за ним не было, за моим окном коридор и двери в другие номера, я был сильно удивлен...мягко скажем!!! В номере очень душно, пришлось спать с включенным кондиционером. Ванна малюсенькая, такую ванну я ни когда не видел, это пластиковый кокон, выполнен из стеклопласиика и покрашен в желтый цвет. Раковина малюсенькая, душевая кабина в этом ""кокане"" среденего размера. Кровать нормальная, спал хорошо. Заехал в отель в четвертом часу ночу, в 4 утра только лёг спать, а в 08.26 утра очень ГРОМКО молотком слесарь начал что-то долго и очень интенсивно долбить!!!! Я терпел терпел, встал, нашел буклет, нашел номер администратора, позвонил на ресепшен, с возмущением в голосе попытался выяснить что это за «фигня»!? На что мне хамовато сказади что дверь чинят и вообще-то уже имеем право! Я выругался и пошел злой, и не выспавшийся в эту жуткую микроскопическую ванну....пошел на завтрак, остался не очень доволен кухней, но и фиг с ней. Пришел с завтрака и опять лег спать. И о чудо, в гостинице есть и перфоратор!!!! На том я и закончил проживании в номере. Фотографировать я это не стал, не планировал оставлять отзыв. Но «яндекс» настойчиво мне наплмнил об этом ))",3.0,ru,2024-09-07
yandex_1192182763_24291f91c90ee442,yandex,1192182763,"Неплохая гостиница, где видно следы былой роскоши))) а так, большинство мебели и интерьера потрепанное, но целое. В общем нужна реновация!",3.0,ru,2025-02-10
yandex_1192182763_742fda83e6e0b161,yandex,1192182763,"В последний раз останавливался в этом отеле 15 лет назад, мало что изменилось. Завтрак и номера неплохие, чисто. В номерах пора делать ремонт. Но больше всего бесит пластиковая капсула в ванной!!! Умывальник только для рук, очень маленький для умывания. Отель требует реновации!!!",1.0,ru,2024-08-23
yandex_1192182763_fcd5830550c3116a,yandex,1192182763,"Хороший отель, свои звёзды оправдывает на все сто. В номере есть тапчки, халат, зубная паста и щётка, также бутылка воды. Можно заказать еду в номер, цены начинаются от 15 000",5.0,ru,2024-07-09
yandex_1192182763_ab1528c6852d5350,yandex,1192182763,"Все вкусно! Обслуживание отличное, цены приятные. Снизила на звезду только из за кальянов, очень плохая вытяжка",4.0,ru,2025-08-15
yandex_1192182763_f4ecdd164e5d431d,yandex,1192182763,"Компактный, уютный, вкусно в классическом ресторане, удобная локация, главная изюминка мед центр красоты на 6 этаже",5.0,ru,2025-07-02
yandex_1192182763_58962cc7ef1c7db8,yandex,1192182763,"Отличный отель.Много раз останавливались в гостях.В номерах красивый классический интерьер.Чистота!Хрустящее постельное белье. Разнообразные,вкусные завтраки.Кухня ресторана,обслуживание-5 звезд.Рекомендую!",5.0,ru,2023-09-30
yandex_1192182763_8cfd556550f4f4a7,yandex,1192182763,"Завтрак неплох, номера надо освежить уже конечно, но чисто. С вентиляцией из кухни проблема. Мы жили на 5м этаже, а ощущение было такое, что стоишь с казаном перекаленного масла с чесноком и это на весь коридор пахло.",3.0,ru,2024-07-13
yandex_1192182763_e0662c35f2864f5d,yandex,1192182763,"Хороший отель, завтрак шикарный, кухня отличная, номера хорошие, персонал ""приветливый"" (на кого нарвешься). Но потихоньку отель теряет свой былой уровень (хотя стараются поддерживать его).",3.0,ru,2024-07-04
yandex_1192182763_849507807731abf9,yandex,1192182763,"Номера неплохие. Завтраки очень хорошое, шведский стол. Минус это спорт бар, официантов не дождёшься. Да и в ресторане не очень. Мясной ресторан неплохой но цены очень выше средних. Одному посидеть ( с пивом и покушать) минимум 15- 20 000. Писал в 21 году. Сейчас 23. Номера совсем устали. Завтраки стали много хуже. Спорт бар закрыли.",4.0,ru,2023-07-30
yandex_1192182763_2dcfea61ebd035bf,yandex,1192182763,Хороший отель. Завтрак огонь. Номера уютные. Локация прелесть. Только персонал немного смущает. Не улыбаются не заинтересованы а так норм.,5.0,ru,2024-07-03
yandex_1192182763_63134044dd7e329f,yandex,1192182763,"После 22:00 не работает кухня, в номер не смогли заказать еду. Кофе с аппарата ужасное! Спиртные напитки дешевые.",3.0,ru,2025-07-28
yandex_1192182763_6e77f7fe2c77fb30,yandex,1192182763,"Гостиница в принципе отличная, но уже видны следы износа внутренней обстановки. Цены на номера как в Астане и дороже. цена/качество 5 из 3",4.0,ru,2025-07-31
yandex_1192182763_6cafedc449d70a09,yandex,1192182763,"Достаточно хороший отель, имеющий свои особенности)) При наличии хорошего шведского стола на завтрак вы найдете несколько ""приколов"" при проживании. А именно: утюг, платный, кипяток и тот за деньги, при отсутствии простого кулера во всей гостинице. Некоторые администраторы прямо как из прошлого, когда они оказывали нам услугу проживать у них в гостинице)) Хотелось бы больше не заезжать сюда",3.0,ru,2023-12-11
yandex_1192182763_194c3bc1be763313,yandex,1192182763,"Номера старые, слишком дорого за такую цену, завтраки классные",3.0,ru,2026-03-09
yandex_1192182763_626a7a2771fcedaf,yandex,1192182763,"Очень хороший отель. Завтрак шведский стол. В номерах чисто комфортно. Есть кондиционеры. Большой холл на первом этаже. Хороший ресторан, респект сушефу, очень все вкусно. Короче это одна из лучших гостиниц в городе. Из минусов: нет чайника в номере, нет утюга, непонятно где можно отдать постирать одежду и потом её высушить и погладить.",5.0,ru,2021-07-26
yandex_1192182763_d8d565b88ab00749,yandex,1192182763,"Из хорошего: вежливый и улыбчивый персонал, в номерах чисто, уборку в номерах делают каждый день, довольно вкусные завтраки, удобное местоположение гостиницы, отлично работают горничные. Из минусов: существенно дороже аналогичных отелей в г. Алмате, Астана и Шымкент, номера ниже стандарт плюс очень унылые (прям капец унылые и пошорканые, но чистые), еда доставляется в номера довольно вкусная, но существенно дороже, чем аналогичная на доставку из других заведений, работа прачечной (глазками одежды) особо не впечатлила, я лучше глажу свои рубашки... В целом хорошее заведение, но не за эти цены.",4.0,ru,2023-04-15
yandex_1192182763_7252f525471d8f21,yandex,1192182763,"После горного похода по Берельской тропе, перед вылетом в Москву остановились здесь на одну ночь. Очень удобная тихая локация и доступные номера.",5.0,ru,2024-08-18
yandex_1192182763_9f308b74b1d27a54,yandex,1192182763,"В целом неплохо но...стойкий запах несвежести (видимо ковры, обивка мебели,шторы впитали себя запах курева и спиртного) в номере и коридоре. Если уж так вышло, что нет окон как таковых, а имитация, можно установить освежители, ароматизаторы воздуха например... Стоит подумать владельцу. Из матраца кровати торчали пружины в двух местах.",3.0,ru,2024-04-23
yandex_1192182763_123d5d9931454fa9,yandex,1192182763,"Всё дорого-богато, как на фото: и античные статуи при входе, пилястры и т. д. Красиво, пафосно, очень впечатляет. Однако в номере, а именно в с/у стоит кпсульная душевая, такие обычно применяют в вахтовых вагончик ах, ну т. е. страны душевой не плиткой облицованы",4.0,ru,2023-12-19
yandex_1192182763_fe840d52767b5a6a,yandex,1192182763,"Отель чистый и персонал приветливый, но очень странная ванная комната, как будто в поезде 😅",5.0,ru,2025-06-05
yandex_1192182763_9567bcb97e5b5dbd,yandex,1192182763,"Хорошая гостиница, а главное шведский стол на завтрак. Все бы взяла, да желудок невелик. Останавливалась всего на одну ночь, проездом. Одноместный номер с душем. Отлично, после поезда самое то, ополоснуться.",5.0,ru,2024-03-05
yandex_1192182763_697d265334c4ef9d,yandex,1192182763,"Очень удобное и красивое расположение. Внутри комфортно,красиво,приятно. Рекомендую",5.0,ru,2025-04-04
yandex_1192182763_c7c4d4bf8cdc042d,yandex,1192182763,"Отель не плохой. Требует ремонта внутренние помещения (коридор). В номерах мебель удобная, но уже изношеная. Интересно оформлен сан.узел, единая кабина полностью. Не удобная раковина. Очень маленькая. В номере все организовано удобно для проживания и работы",4.0,ru,2023-03-16
yandex_1192182763_993705fc56c5dc03,yandex,1192182763,"Отличный отель , завтраки на высоте, приветливый обслуживающий персонал",5.0,ru,2025-10-11
yandex_1192182763_848278de67f6fefe,yandex,1192182763,"Все было хорошо, но жалко бедную черепаху в маленьком аквариуме в холе. Слишком маленький аквариум для такой большой черепахи. Надеюсь примите меры. Спасибо",5.0,ru,2025-09-12
yandex_1192182763_439a5503a6f88215,yandex,1192182763,"Неплохая гостиница, но видно не новая. ""Космическая"" туалетная комната в стандартном номере немного смущает. В номере нет чайника и нет возможности погладиться (только услуги прачечной). А в целом чисто, стоит сплит система, хорошие завтраки, в некоторых номерах есть балкон. Не берите номера с видом на коридор. Это ужас. Они расположены внутри здания. Живешь как в тюрьме. Да и сотовая связь там почти не берет.",4.0,ru,2019-12-02
yandex_1192182763_9ac1cc036fe84543,yandex,1192182763,Гостиница немного подшатана. Ванная комната непонятная - как будто выдернули её из Тальго или самолёта. Есть завтрак - на хорошем уровне. Следует обновить номера.,3.0,ru,2023-08-14
yandex_1192182763_acb35c9b0ad863c4,yandex,1192182763,"На первый взгляд все красиво,но дьявол кроется в мелочах.... по периметру номера особенно за тумбами не убирают,ковровое покрытие так себе,гладильной доски нет,воды в номере нет...",4.0,ru,2023-09-27
yandex_1192182763_0a93369ec260e20e,yandex,1192182763,"Хорошая гостиница, отличный персонал, кухня хорошая, номера хорошие.",5.0,ru,2025-01-09
yandex_1192182763_f04e41e9111968bc,yandex,1192182763,Хорошая гостиница. Номера чистые регулярная уборка завтраки самые вкусные,5.0,ru,2025-09-26
yandex_1192182763_a00421b760c49838,yandex,1192182763,"Понравилось, удобное место, большие номера и обширный завтрак. Вежливый персонал. Отличное соотношение цена качество. И возможность сравнить задрипанные панельки-хрущевки с новыми районами",4.0,ru,2022-08-16
yandex_1192182763_a9a246331ec6864a,yandex,1192182763,"Отличная гостиница за свои деньги. Красивый дизайн снаружи, номера тоже достойно оформлены. Необычно сделана ванная комната - выполнена из жёлтого монолитного композита! Из нюансов: есть номера с окнами в коридор!",5.0,ru,2021-08-08
yandex_1192182763_224cf67da1b15ca5,yandex,1192182763,"Отличная гостиница. Минус звезда за разрешённое курение в номерах. Очень богатый ассортимент на завтраке по системе шведский стол: салаты, горячие блюда, омлет/яичница, солёности, десерты, варёный кофе. Приличные номера, но в номерах ""эконом"" мега маленькие раковины, умываясь в которых вода расплескивается по всей ванной.",4.0,ru,2019-11-05
yandex_1192182763_7b35d9c704c201a8,yandex,1192182763,Хорошая гостиница! Чисто уютно аккуратно! Цена за апартаменты приемлимая,5.0,ru,2025-10-27
yandex_1192182763_be7f24e84b07d304,yandex,1192182763,"Это бывшее общежитие, как мне сказали местные. В общем вда в душе у них или холодная или горячая, середины нет и не отремонтировали. Так и прожил там почти две недели. Не рекомендую. Просто одно название. Утюг не дают, как во всех гостиницах где я был, только за отдельную плату погладит. Чайника в номере нет, чай только за отдельную плату. В общем как-то так",2.0,ru,2021-07-30
yandex_1192182763_775fe35b81ae3aff,yandex,1192182763,"Очень уютные номера, вежливый персонал, замечательный сытный завтрак. В номере всегда стоит бутылка воды, в номере тепло и чисто.",5.0,ru,2023-04-12
yandex_1192182763_336d33cab9fcb4cb,yandex,1192182763,"Супер гостиница все понравилось, провел незабываемые два дня, обслуживание предупредительно обходительное. Кухня очень крутая....",5.0,ru,2024-01-05
yandex_1192182763_f59bd496ce2e5f08,yandex,1192182763,"Соотношение цена/качество очень хорошее. Больгойтвыбор номеров разного класса. На сайте выбор больше, чем на Booking. Удобное местоположение на набережной. Хороший завтрак. Также в отеле есть ресторан МясоЕт, очень прекрасное место.",5.0,mixed,2021-11-13
yandex_1192182763_1667641bdc91ed89,yandex,1192182763,"Хорошая гостиница, номера хорошие, завтрак бомба! В ресторане не успел побывать, не хватило времени, в бильярде тоже не успел, ничего сказать не могу. Расположение удобное.",5.0,ru,2023-03-07
yandex_1192182763_5b31b51077167d32,yandex,1192182763,Номера старые. Отель устал. Персонал хороший. Завтрак приличный. Расположение конечно хорошее. В ресторане не был. Самая фишка это завтрак и ребята которые вас обслуживают.,3.0,ru,2023-03-04
yandex_1192182763_01edd4a733820e5a,yandex,1192182763,Крутой отель. С видом на реку. Чистые просторные номера.,5.0,ru,2026-03-31
yandex_1192182763_58d562b0380dcfb8,yandex,1192182763,"Номера сильно ""подуставшие"". Разрешено курение в номерах, по ночам может быть шумно. Цена за ночь несколько завышена. На первом этаже гостиницы ресторан Мясоет, цены высокие, почти всегда пустой. Из плюсов удобное расположение и вкусные завтраки.",3.0,ru,2024-11-06
yandex_1192182763_124269cc51f4a343,yandex,1192182763,"Как мне сказали: ""Один из лучших отелей в городе!"". По мне обычная ""тройка"". Завтраки скудные, персонал не приветдивый, расположение долековато от транспортных развязок. А цены конечно космос.",2.0,ru,2023-08-28
yandex_1192182763_462da8a3ecf95ec5,yandex,1192182763,"Отель знавал лучшие временна. Нормальный средненький отель, достаточно для командировочных из всего что есть в Усть-Каменогорске по качеству комнат на 3-4 месте. По общей оценке твердая 2. Есть неплохой ресторанчик при отеле. Расположение огонь на 5",3.0,ru,2022-12-24
yandex_1192182763_16d2ac503b03ddab,yandex,1192182763,"Приятная гостиница, но номера уже уставшие, пролежанные матрасы и подушки требуют замены. Был зимой, Адово топили и было в номере очень жарко, как в бане.",4.0,ru,2024-01-22
yandex_1192182763_d57bfaa9870797a8,yandex,1192182763,"Массажист Григорян Александр натуральный трамвайный хам и провокатор. Вместо оговоренных двух часов общего массажа с сотрудниками на рецепте, был сделан один час, и на половину тела. При попытке выяснять обстоятельства, дошло дело до скандала, и до ""авторских""техник общего массажа по 40 минут, а так же заявлений по принципу не нравится, не приходите. Вы считаете после такого разговора вообще кто может придти? С меня из принципа отзывы на всех площадках, и негативный отзыв при любом случае общения как о вашем салоне, так и вашем массажисте. С большим неуважением.",1.0,ru,2025-10-23
yandex_1192182763_b484ec5175249f57,yandex,1192182763,"Классная гостиница, жил 2,5 дня. Чисто, уютно. Рекомендую. Единственное шведский стол можно было бы разные блюда, а то все 3 дня одно и тоже",5.0,ru,2025-08-30
yandex_1192182763_47f624f3f99a9150,yandex,1192182763,"Все хорошо и расположение и питание и отношение персонала , но вода горячая выше 3 этажа что-то не подымалась. Поэтому снизил оценку.",3.0,ru,2022-07-28
yandex_1192182763_7a0e85b2f072447c,yandex,1192182763,"Все понравилось, номера чистые и просторные, но зимой с балконов очень сильно дует, что доставляет дискомфорт и без обогревателя не обойтись.",4.0,ru,2023-01-27
yandex_1192182763_91fd119dff98f6ba,yandex,1192182763,"Супер отель, вкусные завтраки, приветливый персонал.",5.0,ru,2025-03-10
yandex_1192182763_c02fdb571d40e55c,yandex,1192182763,"Вкусные завтраки, большие номера, чисто.",5.0,ru,2025-08-29
yandex_1192182763_be3407bbd41e7c60,yandex,1192182763,"Старовата уже Гостиница. Всё ещё витает дух из ее прошлого. Отделка некачественная, завтрак скудноват, магнитные ключи в ламинированных чехлах. Номера для курящих.",3.0,ru,2022-11-25
yandex_1192182763_980b5c6bd375d3a3,yandex,1192182763,"Нет утюга, чтобы погладить вещь надо сдать в прачечную. И помимо этого за оперативность ""глажки"" заплатить! Нет одноразовых тапок. Хорошие завтраки-повар делает при Вас омлет. А в целом если не обращать на это внимание то можно и остановиться здесь✌",4.0,ru,2019-07-23
yandex_1192182763_9e9c661d57069330,yandex,1192182763,"Чудесный завтрак - шведский стол. В целом, уютненько. Ванные комнаты в номерах сделаны из встроенных капсул бледно-жёлтого цвета, как будто бы напоминает уборную в поезде. И капсулы эти во многих номерах уже довольно пошарпанные. Но, всё равно, гостиница оставляет приятные впечатления.",5.0,ru,2022-05-25
yandex_1192182763_6c5982b27c42e88d,yandex,1192182763,"В очередной раз останавливаюсь в данном отеле. Поменялись только сан.узлы- полноценные ванные комнаты, а не те желтые кабинки из стеклопластика. Однообразные завтраки.",4.0,ru,2022-10-17
yandex_1192182763_d3be096f5d79a3cc,yandex,1192182763,"Часто ходим на конференции, в ресторан. Еда отличная. Разнообразная. Персонал внимательный. В номерах не были, но в холле всегда чисто и опрятно.",5.0,ru,2023-02-20
yandex_1192182763_fb7fb369ff2ccc14,yandex,1192182763,"Обслуживание хорошее, персонал приветливый. Номера маленькие, нет полотенец для ног, тапок. Еда от души, очень вкусно.",4.0,ru,2022-06-02
yandex_1192182763_ed1b81ff0f7f3ac2,yandex,1192182763,"Отзывчивый персонал , хорошие завтраки . Через дорогу река , отличное место для прогулки ...",5.0,ru,2024-03-07
yandex_1192182763_84f378b7f73ee154,yandex,1192182763,"Парковку нужно сделать побольше поудобнее, слишком маленькая, да и в номерах нужно следить за душевыми кабинами и кроватями, они у Вас не вечные и их нужно периодически менять.",4.0,ru,2019-09-22
yandex_1192182763_6391b7b0234de516,yandex,1192182763,Отличный сервис и ассортимент услуг. Салон красоты на 6 эт выше всяких похвал. Благодарю весь коллектив,5.0,ru,2025-03-01
yandex_1192182763_fb49e44a0846a462,yandex,1192182763,"Неплохая гостиница, моментами нет отопления, слабоватый интернет ): В целом хорошая, но есть над чем работать, особенно на ресепшене.",4.0,ru,2024-01-18
yandex_1192182763_c050cf4f4fef2fb8,yandex,1192182763,"Хороший отель. Вкусные завтраки. Но на втором этаже над ресторанами лучше не жить, иначе есть вероятность при проведении банкета быть не выспавшимся.",5.0,ru,2018-06-22
yandex_1192182763_9c8d80db75afed4d,yandex,1192182763,"Обалденная гостиница, прекрасный персонал и уютные номера. Завтраки вообще супер - шведский стол и огромный выбор блюд на любой вкус.",5.0,ru,2019-11-28
yandex_1192182763_8538bf283fbbf3bb,yandex,1192182763,"Номера дорогие,ну это и понятно,с таким оформлением, да еще и он для туристов,так что ок",4.0,ru,2025-07-24
yandex_1192182763_678620ad4f933f9b,yandex,1192182763,В холле темно и обстановка в номерах (откровенно говоря) устарела,3.0,ru,2025-07-19
yandex_1192182763_3bfab1be2534715f,yandex,1192182763,"Номер удобный. Завтра - классиическая шведская линия. Немного скромно, но достаточно. В номере вода и средства. Не было халата и тапочек.",4.0,ru,2022-11-21
yandex_1192182763_de8d408e92bc6e9c,yandex,1192182763,"Мебель и ковровые дорожки старые, свет тусклый, бутылку воды на второй день не поставили, тапочек не было, ресторан дорогой. Персонал тем не менее вежливый и обходительный",3.0,ru,2019-01-12
yandex_1192182763_77d959ee1a1f8ea3,yandex,1192182763,Высокий уровень. Квалифицированные сотрудники. Шикарный ресторан.,5.0,ru,2025-02-02
yandex_1192182763_1d90c5d414073148,yandex,1192182763,"Хорошая кухня, расположение, но уже требует реновации как номерной фонд так и интерьер в целом.",4.0,ru,2021-09-13
yandex_1192182763_2069d409dabb7ce4,yandex,1192182763,"Мой любимый отель. Удобное расположение. Не далеко можно дёшево поужинать в Пицца-блюз. Рядом рынок Заречный, там можно купить кедровые орешки! За отелем два фитнес центра!",5.0,ru,2019-12-15
yandex_1192182763_85d87cfe6f48fbf3,yandex,1192182763,"Очень хорошая гостиница. Если сравнить цену и качество, то лучшая в городе. Не плохой конференц зал, хорошие кофе брейки.",4.0,ru,2019-11-23
yandex_1192182763_4b2884cba037d2c6,yandex,1192182763,Один из лучших отелей города . Но Примечательно то что тут отличная кухня и шикарные кондитерские изделия . Держат уровень уже много лет.,5.0,ru,2024-03-14
yandex_1192182763_0355fabfcaa9979c,yandex,1192182763,"Хороший завтрак, красивый интерьер. В стандартных номерах не удобный санузел: маленькая раковина, нет полочек и крючков.",3.0,ru,2018-08-30
yandex_1192182763_49b83905de0f680a,yandex,1192182763,"Замечательный отель, отзывчивый персонал, лучшие завтраки. Отличные рестораны при отеле",5.0,ru,2023-09-17
yandex_1192182763_86e33683d9509923,yandex,1192182763,"Уютный отель, прекрасная кухня, приветливый персонал — всё на высшем уровне.",5.0,ru,2025-05-01
yandex_1192182763_bdf181fb13c31f57,yandex,1192182763,Отличная гостинка. Чистые номера. Вежливый персонал. Отличный спорт бар. В целом уютно и тепло. Чувствуешь себя как дома. От души.,5.0,ru,2020-01-15
yandex_1192182763_08ea3d12c0d82101,yandex,1192182763,"Отличная гостиница. Вежливый персонал, чистота. Отменный шведский стол на завтрак.",5.0,ru,2021-11-27
yandex_1192182763_3e78972ba04ccdd9,yandex,1192182763,"Удобнейшее расположение, хороший подъезд, стоянка, близко к центру, до автобусной остановки (через которую проходит добрая половина маршрутов города) четыре-пять сотен метров, пара ресторанов, спа-салон",5.0,ru,2021-05-30
yandex_1192182763_5dd1d0eeb570595f,yandex,1192182763,"Отлично, и номера и сервис, и завтрак. Только вот жарковато было в номере.",4.0,ru,2021-11-23
yandex_1192182763_8508616bb6382f98,yandex,1192182763,"Уровень ресторана достаточно высоки, понравилось все: меню, обслуживание, персонал в особенности.",5.0,ru,2023-11-28
yandex_1192182763_a2743533a044f566,yandex,1192182763,"Такое ощущение что На ресепшене сидят девушки высокого чина или ранга и на тебя смотрят свысока и общение такое же с тобой. Так что, спасибо но туда больше ни ногой.",1.0,ru,2025-01-14
yandex_1192182763_4bb5323f267d3f37,yandex,1192182763,Вид отеля отличный. Еда в ресторане отменная. Номер весь пропах запахом курева. Побывал как будто в курилке.,3.0,ru,2023-01-29
yandex_1192182763_49b8515e90972a4c,yandex,1192182763,Плюсы: Местоположение Чистые номера Обслуживание Минусы -Гостиница требует ремонта )),4.0,ru,2022-05-26
yandex_1192182763_aad2bb973df9a148,yandex,1192182763,"Для командировочных - нормально. Завтрак - отлично. Плохо, что в номерах нет электрочайников",4.0,ru,2023-05-11
yandex_1192182763_163637655ce4df06,yandex,1192182763,"Отсутсвие разеток возле кровати и отсутсвие чайника в номере, цены очень высокие для этого города. Стандартные номера без окон, с окнами от 80 долларов",1.0,ru,2022-11-12
yandex_1192182763_da7f5f1e6f4156c7,yandex,1192182763,"Персонал неприветливый, старая мебель. Завтрак на 3",2.0,ru,2025-08-04
yandex_1192182763_f725d8ea2d555e1b,yandex,1192182763,Лучший отель в Ускамане! Заатраки достойные. Номера чистые.,5.0,ru,2025-07-09
yandex_1192182763_e31c8b69ee6b0ab6,yandex,1192182763,Неплохое место.Их минусов отсутствие электрочайников в номерах .,4.0,ru,2025-08-20
yandex_1192182763_9a7ae8dbf26d3ea7,yandex,1192182763,"Туалетная комната как в только из пластика, раковина меньше лица вся вода течёт в ноги.",3.0,ru,2024-07-12
yandex_1192182763_faa533df908b2540,yandex,1192182763,"Очень понравился отель, отношение сотрудников к своим клиентам. Очень вкусная кухня.",5.0,ru,2023-06-28
yandex_1192182763_648794184787f79d,yandex,1192182763,Великолепный отель с внимательным ненавязчивым персоналом и отличной вкуснейшей кухней ресторана! Респект владельцам!,5.0,ru,2019-04-23
yandex_1192182763_7666fcbd1892298f,yandex,1192182763,"Неплохо, холл красивый, номера большие. Спа салон тоже красиво выглядит. В общем денег своих стоит",5.0,ru,2022-12-05
yandex_1192182763_5a13f1be7d0aa97a,yandex,1192182763,"Арендовали 5 номеров, попросили один из них продлить на 2 часа в связи с неудобным расписанием авиарейсов. Отказали или сказали чтобы мы доплачивали",2.0,ru,2019-06-21
yandex_1192182763_3c3cf5a843488752,yandex,1192182763,"Начала посещать данный салон в сентябре прошлого года,мне очень нравятся мастера своего дела,хожу к косметологам Софьи и Галине,мастеру манекюра Гаухар к Илоне на окрашивание и лечение бровей,ресниц. Все большие молодцы,администраторы всегда приветливы все расскажут и подскажут. Всем рекомендую 👍",5.0,ru,2019-09-04
yandex_1192182763_8cdc8587c8163b6c,yandex,1192182763,"Отличный отель, мне очень понравилось. Добродушный персонал. Уютно. Номера чистые. Рекомендую.",5.0,ru,2022-07-31
yandex_1192182763_1e7549aeeaee7931,yandex,1192182763,"Сервис ужасный в целом.Недоброжелательный персонал.И выставили не дожидаясь 12 часов два номера.При этом еще не уточнив будем ли продлевать,так как заехала большая группа-решили что с остальными можно не церемониться.",2.0,ru,2018-10-12
yandex_1192182763_5076639f149a179a,yandex,1192182763,"Еда очень вкусная, особенно понравился стейк в мясом ресторане",4.0,ru,2025-08-18
yandex_1192182763_41b73d320281b988,yandex,1192182763,"Все просто замечательно, кроме одного но, при хорошем приеме wifi скорость интернета равна практически 0-лю! Немного испортило впечатление.",4.0,mixed,2022-07-09
yandex_1192182763_b1b10e8eaa6514c0,yandex,1192182763,"Хорошая гостиница, но есть номера без окон, что очень странно",5.0,ru,2025-10-29
yandex_1192182763_d9210b0626c7da30,yandex,1192182763,Странные душевые в номерах стандарт. Завтраки вкусные и разнообразные.,4.0,ru,2023-10-02
yandex_1192182763_0d99a7b19dc6f9b6,yandex,1192182763,"Приветливый персонал, уютные номера, доступные цены и самое главное замечательно вкусная кухня",5.0,ru,2018-12-06
yandex_1192182763_2f229ae3e923eb36,yandex,1192182763,Классное место. Очень понравилось. Завтрак космос просто. Рекомендую. Единственное рецепшн. Одна из них не очень дружелюбная.,5.0,ru,2022-04-18
yandex_1192182763_79699fa66f23bbfe,yandex,1192182763,Отличный отель . Постоянно с дочерью ходим рыбок смотреть .,5.0,ru,2025-11-05
yandex_1192182763_ebe52020d9867502,yandex,1192182763,"Отличная гостиница в центре города, чисто и уютно",5.0,ru,2024-08-15
yandex_1192182763_4ed101519d015545,yandex,1192182763,Номера с видом на коридор! Это в какие нормы укладывается? За заезд в 10-00 взяли плату ещё за полсуток,3.0,ru,2022-07-30
yandex_1192182763_8064bfd208a0bb46,yandex,1192182763,"Хоршее место, особенно кафе Мясоед, рекомендую баранью рульку.",5.0,ru,2026-03-06
yandex_1192182763_522e6f541ae0335c,yandex,1192182763,"Отличный отель, хорошее обслуживание, хрустящая постель и отличные завтраки.",5.0,ru,2019-12-09
yandex_1192182763_df2fa50209fb0001,yandex,1192182763,"Шумно , душевая ужасная , персонал очень мешает , не возможно отдохнуть, с утра гремят в коридоре .",3.0,ru,2022-07-25
yandex_1192182763_76a2ef1386bfd601,yandex,1192182763,"Запах еды в номере...Это было самое неприятное, когда одежда пропахлась едой, а это был 3 этаж.",3.0,ru,2023-10-01
yandex_1192182763_261261a511ce5925,yandex,1192182763,Отличная гостиница и еда в ресторане Мясоед!,5.0,ru,2025-08-16
yandex_1192182763_4deb8e88818aca52,yandex,1192182763,"Норм, но сервис и меню ресторана так себе. Кузня слабая, кроме чебуреков. Всю кузню перепробовал. Срочно меняйте шеф повара",3.0,ru,2021-05-07
yandex_1192182763_2e5fec393f6eb2b8,yandex,1192182763,"Старый, добрый Шайни Ривер. Ремонтик бы чутка. Номера чистые",4.0,ru,2025-12-27
yandex_1192182763_40a34c088bd9acb2,yandex,1192182763,Удаляла тут родинку. Проверили и за 15 минут удалили,5.0,ru,2026-02-26
yandex_1192182763_d726e69cb5931d51,yandex,1192182763,"Слишком помпезно, в коридоре и номере посторонний запах, не комфортная температура в номере",2.0,ru,2023-03-04
yandex_1192182763_7f954cc2b43d264b,yandex,1192182763,"Хорошая гостиница в Усть-Каменогорске по соотношению цена-качество. Номера конечно подуставшие, но на уровне. Чисто. Завтраки хорошие. Есть кофе из кофеварки.",4.0,ru,2019-07-25
yandex_1192182763_a7d117c33a9148e4,yandex,1192182763,Отличный отель. Лучший в городе. Кухня в отличная. Так и держите марку👍,5.0,ru,2022-02-13
yandex_1192182763_501c730274accc91,yandex,1192182763,"Цены выше среднего, но хорошее расположение и не самые плохие номера",4.0,ru,2019-08-11
yandex_1192182763_0f9fe0e3867411d5,yandex,1192182763,"Всё супер. 10 из 10. Кухня, обслуживание, наполнение номера, локация (центр).",5.0,ru,2023-04-16
yandex_1192182763_3b12df3da92fb69c,yandex,1192182763,"Хороший отель, но время берет своё, в некоторых номерах пора делать обновления.",5.0,ru,2019-12-20
yandex_1192182763_d2dde90aa8e2984f,yandex,1192182763,"Подусталое здание, не обновляли давно. Смешные пластиковые туалеты. Но завтраки приличные.",3.0,ru,2019-11-13
yandex_1192182763_51284f27b8ee7d26,yandex,1192182763,Гостиница не стоит своих денег. Комнаты прокурены. Запах въелся в стены.,3.0,ru,2020-06-11
yandex_1192182763_7d4cf6a68b5b319e,yandex,1192182763,"Замечательное обслуживание. Уютные номера, хороший завтрак",5.0,ru,2022-11-14
yandex_1192182763_e3615b31ad6ef6da,yandex,1192182763,"В самой гостинице не был, но зашёл посреди ночи мне открыли и я смог снять наличку в банкомате так что осадок хороший , персонал приветливый и вежливый.",5.0,ru,2021-08-02
yandex_1192182763_9938c593335a833f,yandex,1192182763,"Уставшие номера, посредственный завтрак. Не уютно. Закрыт бар лобби.",3.0,ru,2023-07-02
yandex_1192182763_edcc3b12d62db3f8,yandex,1192182763,"Очень понравилось, все прошло на высшем уровне.",5.0,ru,2025-05-17
yandex_1192182763_a04a2a288a482a3d,yandex,1192182763,"Гостиница на высшем уровне, удобное расположение , приветливые сотрудники , все в шаговой доступности !",5.0,ru,2019-07-24
yandex_1192182763_5eadf56491be0e48,yandex,1192182763,"Шикарный отель, уютно и тихо",5.0,ru,2025-05-20
yandex_1192182763_b55d7facbd2b0cc0,yandex,1192182763,"Мебели старые, но ресторан и кухня просто разочаровал мне понравится. Самый лучший гостиница в ВКО",5.0,ru,2025-08-20
yandex_1192182763_49c2ae791ba05eb7,yandex,1192182763,"Отличный заатрак и гостиница, единственный минус убитый маирац в номере",4.0,ru,2022-08-08
yandex_1192182763_587009ec8cfbb54e,yandex,1192182763,"Шикарный отель. Для Усть-каменогорска очень хорош. Большая разница между Туристов,и Иртышом. Сходу в отель виден шик и блеск.",5.0,ru,2021-09-13
yandex_1192182763_836ed9c8bf470d36,yandex,1192182763,Очень понравился шведский завтрак,5.0,ru,2025-08-13
yandex_1192182763_a0a152215eb42689,yandex,1192182763,"Хорошие номера, классное обслуживание, вкусный сытный завтрак",5.0,ru,2023-01-10
yandex_1192182763_6e99bea2cb345a5b,yandex,1192182763,"Администраторам отеля: добавить ресторан Мясоет на карты Яндекса. Достойное место. Жаль нет на карте. Отель подуставший, но все еще держится! Больших нареканий нет.",5.0,ru,2023-02-18
yandex_1192182763_c9179a29fc602947,yandex,1192182763,Был в ресторане. Обслуживание отличное. Еда вкусная.,5.0,ru,2022-06-08
yandex_1192182763_6be1136a36a77072,yandex,1192182763,"Номера хорошие, ресторан мясной очень достойный.",5.0,ru,2022-10-26
yandex_1192182763_8d9223edcd284c4e,yandex,1192182763,"Прекрасная гостиница. И ресторан в ней чудесный, очень вкусно.",5.0,ru,2019-04-12
yandex_1192182763_15a6d6a7c35b6cd5,yandex,1192182763,Лучшие специалисты и качественный сервис только здесь!,5.0,ru,2024-10-04
yandex_1192182763_c3eeba147ed68870,yandex,1192182763,"Стандартный номер, своеобразная душевая-в виде капсулы, мало место",4.0,ru,2022-06-22
yandex_1192182763_c619d90ae24a6c05,yandex,1192182763,"Хорошая гостиница,но номер без окон такое себе.",4.0,ru,2024-03-28
yandex_1192182763_a1657d83deedebb3,yandex,1192182763,люблю останавливаться именно тут в Устькамане... хорошая гостиница с хорошим сервисом,5.0,ru,2022-06-28
yandex_1192182763_b1b28f78b0846cdd,yandex,1192182763,"Отличный салон! Милые, доброжелательные девочки. Я безумно благодарна Евгении Ким замечательный человек, приятный собеседник и мастер своего дела.",5.0,ru,2020-12-19
yandex_1192182763_f5e57eb6708a1d59,yandex,1192182763,"Сделали неплохой ремонт, помещения ванна/туалет стали больше.",5.0,ru,2023-06-09
yandex_1192182763_5be99f871b31466a,yandex,1192182763,"Я конечно не был в Shiny River но могу сказать свою точную оценку по этому отелю в плане архитектуры, декора, всё выглядит превосходно, каждый элемент сочетается друг с другом, всё в целом в гормонии с речкой, замок река",5.0,mixed,2021-12-22
yandex_1192182763_f5347c55f1fc0ae1,yandex,1192182763,Классная гостиница классная кухня вежливый персонал для нашего города это Супер!!!!,5.0,ru,2019-06-15
yandex_1192182763_76b47f74770e2529,yandex,1192182763,Ставлю 4только изза того что в душевой раковина очень маленькая а в остальном все суперр!!!,4.0,ru,2019-01-05
yandex_1192182763_b45777cc7c9c60f5,yandex,1192182763,"Отличный салон красоты. Профессионалы. Мастера хорошие, уютная обстановка. Цена соответствует качеству. Красивое здание.",5.0,ru,2021-06-12
yandex_1192182763_137d4f5437687281,yandex,1192182763,"Насчёт номеров не знаю, но ресторан очень шикарен. Рекомендую.",5.0,ru,2025-08-02
yandex_1192182763_330bb5846491123b,yandex,1192182763,Хорошая гостиница. Утром щвецкая кухня,5.0,ru,2025-04-24
yandex_1192182763_ea4a3edd0e95c492,yandex,1192182763,"Завтраки супер вкусные, домашние",5.0,ru,2025-10-10
yandex_1192182763_7461b4ee8908e514,yandex,1192182763,"Одна из лучших гостиниц города, хороший завтрак",4.0,ru,2024-06-02
yandex_1192182763_e75dfc5e95e5f7c1,yandex,1192182763,"Номера уставшие, завтрак не вкусный, но стоит дёшево",4.0,ru,2022-08-15
yandex_1192182763_a7064ee58fa52669,yandex,1192182763,Хороший спа салон. Работают профессионалы. Уютно 👍,5.0,ru,2024-02-08
yandex_1192182763_5b3b09c6821d3fc8,yandex,1192182763,"Хорошая гостиница, жаль нет спортзала. Но он есть в соседних домах.",5.0,ru,2024-11-15
yandex_1192182763_26b091dcb4efafbd,yandex,1192182763,Хороший отель Приятное место,5.0,ru,2025-04-20
yandex_1192182763_f40eb674d53bc94a,yandex,1192182763,Хорошая гостиница. Вкусные завтраки,5.0,ru,2024-06-17
yandex_1192182763_196ea284464d2d17,yandex,1192182763,"Удобное место расположение, приветливый персонал",5.0,ru,2022-04-19
yandex_1192182763_cccf8384d1ff0ff7,yandex,1192182763,Прокуренно очень. Завтраки хорошие.,4.0,ru,2023-11-26
yandex_1192182763_6ad8acad066645f1,yandex,1192182763,"Средняя гостиница, хороший завтрак",4.0,ru,2022-11-09
yandex_1192182763_cf96ba5d012f0cf6,yandex,1192182763,был в ресторане - очень дорого,4.0,ru,2025-08-14
yandex_1192182763_fd505ac7b9bb86d2,yandex,1192182763,"Отличное местоположение, очень хороший шведский стол!",5.0,ru,2020-08-05
yandex_1192182763_9d840ba83d99136a,yandex,1192182763,Не уютный. Шумный. Цены не соответствуют. Не рекомендую.,1.0,ru,2025-07-12
yandex_1192182763_8ea1b5f5904781c0,yandex,1192182763,"Медцентр прекрасен. Столько прекрасных специалистов: Александр Григорян, Софья Карякина, Галина Козлова… истинные профессионалы",5.0,ru,2024-11-14
yandex_1192182763_b329342e7b9a37b4,yandex,1192182763,Не отлично но хорошо точно,5.0,ru,2025-07-19
yandex_1192182763_f0a75c526d0200de,yandex,1192182763,Являюсь клиентом салона красоты в этом чудесном месте. Королевский интерьер. Классно!,5.0,ru,2021-07-24
yandex_1192182763_35b55f2c085c0b2f,yandex,1192182763,Отличное место хорошая Кухня отзывчивый персонал,5.0,ru,2020-07-15
yandex_1192182763_07e040c4143d17c8,yandex,1192182763,"Гостиница неплохая, но охрана это что-то с чём-то не воспитания",3.0,ru,2021-12-12
yandex_1192182763_243745024f6b5c0c,yandex,1192182763,Всё понравилось. Спасибо!,5.0,ru,2025-09-16
yandex_1192182763_ebb08d49619acf56,yandex,1192182763,Слишком часто попадались постояльцы с целью покуражиться очень шумно.,3.0,ru,2019-01-01
yandex_1192182763_b0d0e653383c2104,yandex,1192182763,Красиво и приятное обслуживание,5.0,ru,2024-10-17
yandex_1192182763_21b5687e6897c641,yandex,1192182763,"Хороший отель, соответствует заявляемуму уровню. И ресторан соответствует",5.0,ru,2021-08-21
yandex_1192182763_9b99f91fe516914f,yandex,1192182763,"Был в салоне у подолога, Юлия Тимченко. Рекомендую всем. Чудеснейший профессионал с шикарным чувством юмора",5.0,ru,2024-01-18
yandex_1192182763_f9574ae8a789e008,yandex,1192182763,"Была в Устькамане , отличная гостиница !",5.0,ru,2024-07-04
yandex_1192182763_c6546756ce2f924f,yandex,1192182763,Отличный отель. В хорошем месте.,5.0,ru,2024-09-28
yandex_1192182763_98184ce2732e2bbf,yandex,1192182763,Приятное место встреч и отдыха.,5.0,ru,2023-06-18
yandex_1192182763_91d4313438c4236c,yandex,1192182763,"Прекрасная шведка, номера староваты",4.0,ru,2022-10-16
yandex_1192182763_e959e7510f9a6896,yandex,1192182763,"Хороший отель, со странной туалетной комнатой",4.0,ru,2021-10-15
yandex_1192182763_28d1e0767a6dab14,yandex,1192182763,"Отличная гостиница, отличный сервис.",5.0,ru,2022-09-19
yandex_1192182763_5833a28a3c0c688b,yandex,1192182763,Оригинальное здание + роскошный интерьер,5.0,ru,2019-07-24
yandex_1192182763_0cf07144750b7e2a,yandex,1192182763,Отличная гостиница и сервис на высшем уровне 👍🏻,5.0,ru,2021-01-21
yandex_1192182763_e2b458664e436799,yandex,1192182763,Гостиница отличная сервис на пятёрочку,5.0,ru,2020-02-03
yandex_1192182763_1c7bba4a5b23f215,yandex,1192182763,Самый красивый отель в нашем городе,5.0,ru,2024-10-19
yandex_1192182763_4d79c2c637e3d1a0,yandex,1192182763,"Хороший и чистый отель, в центре города.",5.0,ru,2020-08-11
yandex_1192182763_1f46675f3552e4aa,yandex,1192182763,Качество не соответствует цене!,3.0,ru,2022-08-09
yandex_1192182763_a985b706e1b405c7,yandex,1192182763,Неплохой отель с видом на набережную,5.0,ru,2020-07-06
yandex_1192182763_5b53565321198b1a,yandex,1192182763,"Чисто, вкусно и главное изыскано",5.0,ru,2019-04-01
yandex_1192182763_18291dbd47aefc38,yandex,1192182763,Хорошее расположение и сервис,5.0,ru,2019-08-09
yandex_1192182763_3121f1416cd485ad,yandex,1192182763,"Супер гостиница, уютно как дома",5.0,ru,2020-09-07
yandex_1192182763_e2bdc08aa1fe5123,yandex,1192182763,"Очень удобный отель, есть все необходимое.",5.0,ru,2020-03-10
yandex_1192182763_e9fefbd6fd243165,yandex,1192182763,"Красиво, удобно, хороший завтрак.",5.0,ru,2019-06-10
yandex_1192182763_ed52ebee851a2ecb,yandex,1192182763,🤙🏻🤙🏻🤙🏻🤙🏻🤙🏻🤙🏻🤙🏻🤙🏻🤙🏻🤙🏻🤙🏻🤙🏻🤙🏻🤙🏻 круто классно,5.0,ru,2025-12-08
yandex_1192182763_619a24d2d13fd5d7,yandex,1192182763,"Большая просьба: Переместите, пожалуйста, черепаху в аквариум побольше, ей очень тесно.",5.0,ru,2019-07-12
yandex_1192182763_011fe00a8b052cd0,yandex,1192182763,Wi-Fi никакой. Это серьёзная проблема...,4.0,mixed,2020-09-10
yandex_1192182763_e692cc6f2f208165,yandex,1192182763,"Нормальный отель в принципе, немного устарел для 2022 г.",5.0,ru,2022-04-21
yandex_1192182763_e14c321507dfb4c1,yandex,1192182763,Капсульный санузел это нечто 😂,3.0,ru,2021-08-17
yandex_1192182763_9fb4347795d8a419,yandex,1192182763,"Одна из немногих, ""нормальных гостиниц"" в г.Усть-Каменогорскке",4.0,ru,2019-10-30
yandex_1192182763_2290202f5d45332b,yandex,1192182763,Завышены цены не соответствуют реальности,3.0,ru,2018-10-19
yandex_1192182763_ced074258001baae,yandex,1192182763,"Осень не удобные душевые, не удобные раковины",1.0,ru,2019-07-26
yandex_1192182763_51787b07a24136d3,yandex,1192182763,Цена не совпадает с качеством,2.0,ru,2019-10-07
yandex_1192182763_02f5b44e80fab4da,yandex,1192182763,"Прекрасная гостиница, бар",5.0,ru,2020-01-18
yandex_1192182763_ff9a7662460c7fed,yandex,1192182763,"Самый важный человек здесь это уборщица, которая называет тебя ""эта""",2.0,ru,2021-05-08
yandex_1192182763_bc924ff45e756d61,yandex,1192182763,Всё хорошо. Особенно еда!😍👍🏻,5.0,ru,2022-12-30
yandex_1192182763_5466aedd1541ff52,yandex,1192182763,"Эти окна в коридор, просто необыкновенно)))",4.0,ru,2019-09-26
yandex_1192182763_a39807553bd3feeb,yandex,1192182763,Супер 👍очень хорошая гостиница.,1.0,ru,2021-11-22
yandex_1192182763_4b4469f662379c96,yandex,1192182763,Лучший отель в Усть-Каменогорске,5.0,ru,2022-01-26
yandex_1192182763_6edf24f16c4cd297,yandex,1192182763,Отличная гостиница. Рекомендую.,5.0,ru,2018-12-20
yandex_1192182763_5f51b034d2f97a6f,yandex,1192182763,Отличный Отель за свои деньги,5.0,ru,2021-11-04
yandex_1192182763_ed51e25ca5cf1cb3,yandex,1192182763,Сонный персонал в лобби зоне и на ресепшен,3.0,ru,2019-11-03
yandex_1192182763_17f850697c95d525,yandex,1192182763,Лучшая гостиница в городе,5.0,ru,2021-05-05
yandex_1192182763_db09c31586f98299,yandex,1192182763,Один из лучших отелей Ука!,5.0,ru,2019-12-03
yandex_1192182763_636ff8958f6ba07d,yandex,1192182763,Отличная Гостиница. Рекомендую!!!,5.0,ru,2018-04-28
yandex_1192182763_b35b378bcb684e73,yandex,1192182763,Сервис на высшем уровне 👍,5.0,ru,2019-12-06
yandex_1192182763_336e0053926d1626,yandex,1192182763,"Прожил 16 дней в феврале, хорошо",4.0,ru,2020-06-22
yandex_1192182763_a95d689c24e91587,yandex,1192182763,В салоне красоты отличный мастер Юрий.,5.0,ru,2020-01-12
yandex_1192182763_7055ab8f76e3bfb6,yandex,1192182763,Большое спасибо. Все просто 7 🌟,5.0,ru,2023-05-28
yandex_1192182763_238aa8eb90cfe634,yandex,1192182763,"Гостям нашего города, хорошо было бы посетить эту гостиницу",5.0,ru,2018-11-26
yandex_1192182763_31a77ba6cd4dc227,yandex,1192182763,"Поставил бы 3 звезды ,но в усть каменогорске врятли можно найти что-то лучшее",5.0,ru,2021-05-21
yandex_1192182763_b17e19fc8e9f5fc0,yandex,1192182763,Помню когда то там было общежитие. А сейчас один из самых красивых объектов архитектуры в городе.,5.0,ru,2020-03-19
yandex_1192182763_18f80ed829b021d5,yandex,1192182763,Дорогая мне не по карману,5.0,ru,2019-05-23
yandex_1192182763_8e2c7880777671cf,yandex,1192182763,"1. отель должен быть отремонтирован, с момента постройки ничего не сделано; 2. Лобби есть даже сказать нет, джихазы очень старые, расположены без излишеств; 3. банкет в Рестаране состоялся в 17.05, рабочие были закрыты с 23.00 до 24.00; 4. не соответствует цене, можно свободно разместить в стандартном, стандартном + Дедемане, добавив 5000 тг;",2.0,ru,2023-05-19
yandex_1192182763_e6065efdc2d0c9b1,yandex,1192182763,"Big & clean rooms, nice prices, good location",5.0,unknown,2023-06-16
yandex_1192182763_c56dc637a569243b,yandex,1192182763,"Очень плохо. Нет души, говорящей по-казахски.",1.0,ru,2025-09-24
yandex_1166317683_f6e0685c6d96e3f7,yandex,1166317683,"Очень очень хорошее место! Во всем! Люди тут работают замечательные и отзывчивые! Мы приехали первый раз ночью, деньги обменять негде, все закрыто, симку тоже не купить. Девушка- администратор предложила нам пройти покушать в их замечательной столовой, а сама тем временем нашла нам номер в другой гостинице. К сожалению, в Мереке не было мест на ту ночь. Возвращаясь обратно, мы конечно поехали в Мереке! Номер прекрасный, матрасы удобные! Завтрак великолепный и вкусный!!! Спасибо огромное !!! Привет из Новосибирска!!!",5.0,ru,2025-08-02
yandex_1166317683_0faf2a10b7b99d40,yandex,1166317683,"Очень хорошее место) отличные сотрудники, чисто, в номерах уборка каждый день, полотенчики чистые всегда) Вишенка на этом торте- это конечно столовая, которая находится в гостишке) Всем поварам и сотрудникам столовой, спасибо, Ваши щи, каша, и компот Божественны))) и самое главное спасибо директору))))",5.0,ru,2025-04-05
yandex_1166317683_a3843e9280f36b0f,yandex,1166317683,"Отличное место. Останавливались в августе на 2 суток в номере двухместный комфорт. Все чистенько, уютненько. В проживание входили завтраки. Завтраки великолепны. Кухня на высшем уровне. Расположение гостиницы очень удобное и есть парковка. Рекомендую.",5.0,ru,2025-08-29
yandex_1166317683_18583a8f4f817317,yandex,1166317683,"Отличная гостиница и это правда👍 Персонал классный: все вежливы и очень приветливы. Номера чистые, завтрак вкусный, очень разнообразный. Понравилось все, очень рекомендую👌",5.0,ru,2025-08-12
yandex_1166317683_678888e8aa255fba,yandex,1166317683,"Отличная гостиница Соотношение цена-качество. Удобно , что снизу столовая. Вежливый персонал",5.0,ru,2025-03-12
yandex_1166317683_51f709746021e745,yandex,1166317683,"Отличная гостиница.чисто,уютно,тепло,приветливый персонал.В гостиницы отличная столовая все вкусное и свежее.рядом через дорогу магазин.",5.0,ru,2025-03-25
yandex_1166317683_83557217e2760fff,yandex,1166317683,Очень понравилась гостиница. Сервис высший уровень. Номера на 4 звезды. Внизу хорошая столовая. Очень вежливый персонал. Всегда встретят. Даже в самый мороз очень тепло.,5.0,ru,2025-01-07
yandex_1166317683_3433245dbae60531,yandex,1166317683,"Хорошая гостиница, свежие номера и вежливый персонал. На первом этаже отличная столовая, где накормят вкусно.",5.0,ru,2025-10-18
yandex_1166317683_de78bfe35ec8df35,yandex,1166317683,"Чисто, кондиционер работает на пятерку. Приятно, что завтраки можно выбирать из нескольких блюд, особенно понравились сырники. Персонал дружелюбный. Рекомендую.",5.0,ru,2024-07-28
yandex_1166317683_2fe3256a563af8e9,yandex,1166317683,"Уютная гостиница, вкусное меню в ресторанчике, удобное месторасположение",4.0,ru,2025-06-12
yandex_1166317683_e718e10bd49184fd,yandex,1166317683,"Уютная гостиница, очень вкусная еда в столовой! И чисто! Замечательно, что работают до 24ч! Внимательная женщина на раздаче👍! Отзывчивые администраторы! Видно, что люди дорожат своей работой 👏🏻👏🏻👏🏻",5.0,ru,2024-11-25
yandex_1166317683_c93f79da5afce82d,yandex,1166317683,"Гостиница не плохая, но безолаберно обслуженная. В душе отложена ручка включения душа. Мыло есть но дозаторине работает и таких мелочей с десяток.",4.0,ru,2026-03-07
yandex_1166317683_d7be7cc1c4426862,yandex,1166317683,"Не плохое заведение, не дорого, вкусная и свежая еда. Хорошо соотношение цены и качества, не далеко от ТЭЦ. Все понравилось",5.0,ru,2025-08-16
yandex_1166317683_102753c23fde43c7,yandex,1166317683,"В гостинице шикарно, уютно. Тепло встретили на ресепшене, посоветовали с выбором банка, вызвали такси. А какой богатый завтрак, словно пообедал. В номере чисто, аккуратно, все на своих местах. Кафе в здании, что очень удобно и приятно",5.0,ru,2024-04-30
yandex_1166317683_18dbf0279ae4f684,yandex,1166317683,"Хорошая гостиница, есть вкусные завтраки. Вежливый персонал, есть кондиционеры.",5.0,ru,2025-06-21
yandex_1166317683_5a0c52947ec7ec5d,yandex,1166317683,"Отличный отель. Тихо, уютно, комфортно. Сытные завтраки, очень удобно, т.к.на первом этаже столовая, обедать и ужинать можно не выходя из гостиницы. Готовят по домашнему, цены демократичные. Советую, посетив, останитесь довольны.",5.0,ru,2024-03-09
yandex_1166317683_232118a29836e56f,yandex,1166317683,"Тихо, чисто и, самое главное, есть кондиционеры в номерах. Столовая работает с 7:00, соответственно можно рано выехать.",5.0,ru,2024-08-05
yandex_1166317683_18a01a98a4b3b1ad,yandex,1166317683,"Уютный отель. Номер большой и чистый. Персонал доброжелательный. Плохо, что нет лифта. Вместо ресторана, столовая. Но, еда очень вкусная. И недолго.",5.0,ru,2026-01-05
yandex_1166317683_612e9d5b273e778d,yandex,1166317683,"Очень вкусно готовят, всегда с удовольствием сюда прихожу. Еда свежая, приветливый коллектив и вкусная выпечка! Рекомендую 👌",5.0,ru,2025-08-14
yandex_1166317683_b98cdcfd80097f6e,yandex,1166317683,"Суперская столовая при этой гостинице:вкусная еда,хорошая столовая,отличное обслуживание,адекватный персонал,чисто,есть где помыть руки",5.0,ru,2023-12-22
yandex_1166317683_1cd5c27bdd78151a,yandex,1166317683,Чисто - дешево - особенно столовая при отеле вкусная и не очень дорогая) жутко рекомендую) только вот райончик депрессивный - ну как говорится - цена качество.,5.0,ru,2024-10-26
yandex_1166317683_15ee0aae1639046c,yandex,1166317683,"Отличное место что бы остановится, чисто, уютно. Персонал обходительный. Так же приятно что при гостинеце есть круглосуточная столовая, в которой не плохо готовят .",5.0,ru,2023-10-23
yandex_1166317683_8d5aad8b8da2c9a5,yandex,1166317683,"Если вы тут не впервые, то конечно все приколы района видели. Хочу отметить их кафе: свежая еда, цены умеренные, порции бывают детские, а какие то блюда обжира",3.0,ru,2025-08-27
yandex_1166317683_07e2924609c51edf,yandex,1166317683,"Приемлемая цена. В номере было чисто и уютно, снимали полулюкс. Вежливый персонал, можно перекусить в столовой, завтрак был включен.",5.0,ru,2024-01-20
yandex_1166317683_d53b926ab187a6f0,yandex,1166317683,"Очень не плохая гостиница, сытные и вкусные завтраки. Хорошая столовая. Уютные номера, вежливый персонал, чисто и опрятно.",5.0,ru,2023-10-16
yandex_1166317683_88e51acddac4f401,yandex,1166317683,"Здравствуйте! Хорошая гостиница, не путать не 5 звездный отель, персонал приветливые вежливые, чисто в номерах, завтрак вкусный, столовая при гостиницы удобно , готовят вкусно и не дорого. Советую",5.0,ru,2023-01-28
yandex_1166317683_9b7021a716bcb9cf,yandex,1166317683,"Отличная гостиница, очень чисто. Столовая рядом, завтрак включен. Цена тоже очень приемлимая",5.0,ru,2024-09-16
yandex_1166317683_933784c8e1522b7f,yandex,1166317683,"Столовая, еда вкусная, обслуживание на 100 процентов , персонал вежливый , номера чистые и уютные.",5.0,ru,2024-02-29
yandex_1166317683_f01bc56735b5338e,yandex,1166317683,Отличная столовая. Кормят вкусно. Удобный график работы. Когда приезжаем в Усть-каменогорск всегда там едим.,5.0,ru,2025-09-04
yandex_1166317683_f3876179f5c50060,yandex,1166317683,"Останавливался а командировке. Чистые номера. Очень удобно, что есть столовая на 1 этаже. Цены приемлемые. Администраторы на 5+. Тихое место расположения",5.0,ru,2021-12-17
yandex_1166317683_f76bbdc30610bd4e,yandex,1166317683,"Останавливался не один раз, сервис хороший, есть столовая готовят вкусно, персонал приветливый всегда идут на встречу. Место очень тихое, отдыхать после работы самое то.",5.0,ru,2022-02-23
yandex_1166317683_42d63d97e810373f,yandex,1166317683,"бюджетно, все очень чистенько и аккуратно, вполне цена/качество",5.0,ru,2025-01-16
yandex_1166317683_9c7c6c44abbc1810,yandex,1166317683,"Отлично. Полулюкс за 18.000 тн. Чистота-уют-комфорт. Столовая на первом этаже - тоже Отлично. Персонал - Отлично. Каналы в ТВ - Отлично. Единстаенно, дверка в душевой кабине кривоватая, но это мелочь.",5.0,ru,2023-12-01
yandex_1166317683_2e95e20b3cb0932c,yandex,1166317683,"Одна из лучших гостиниц города, хорошее соотношение цена/качество. На первом этаже неплохая столовая, всегда много народа.. до пандемии работала круглосуточно.",5.0,ru,2021-09-09
yandex_1166317683_9146d7073f42a259,yandex,1166317683,"Хорошая гостиница, гостеприимный персонал, тут же кафетерий. Вход с домофоном, администратор всегда на месте, но все же неудобно. Завтраки заказываешь вечером накануне, в том числе время указываешь, чтобы утром все было готово. По факту завтрак начинают собирать когда спускаешься.",5.0,ru,2019-10-14
yandex_1166317683_a4c371f318b8c5f0,yandex,1166317683,"Именно в гостинице не был но вот в столовую часто заезжаю пообедать или позавтракать,чисто и уютно,быстрое обслуживание,разнообразие блюд,готовят отлично,удачи им!",5.0,ru,2020-08-09
yandex_1166317683_b413a31ca37f2a38,yandex,1166317683,"Отличная гостиница,вежливый персонал,вкусная еда в столовой как дома,бесплатный вай фай,близость к аэропорту,рекомендую,Елена Алексеева.",5.0,ru,2022-10-18
yandex_1166317683_6139ede3f3754884,yandex,1166317683,"Гостиница просто великолепная все чисто и уютно, домашняя атмосфера! Персонал девочки все вежливые приветливые и всегда помогут в любом вопросе.",5.0,ru,2021-12-18
yandex_1166317683_ab16d8f02d790cf6,yandex,1166317683,Хорошее соотношение цена - качество! Есть завтраки Админ Шынар профессионал,4.0,ru,2024-08-25
yandex_1166317683_4f004c1e96a26184,yandex,1166317683,Пока это лучшая гостиница в Усть-каменогорске за эти деньги. Круглосуточная столовая в здании. Полотенца меняют каждый день. До центра можно дойти пешком. Зато близко к промзоне.,5.0,ru,2018-09-17
yandex_1166317683_9431f94b58791e51,yandex,1166317683,"Отличная гостиница! Номера уютные, свежие, есть все необходимое. Очень хорошие завтраки! При гостинице полноценная столовая. Персонал доброжелательный.",5.0,ru,2020-10-26
yandex_1166317683_ee5a5d2c0f2ad56c,yandex,1166317683,"Отлично.Спасибо персоналу.Отлично отдохнул ,и накормили на 5-ку.",5.0,ru,2025-02-28
yandex_1166317683_f43f2cd716e6b993,yandex,1166317683,"Из плюсов завтраки. Не понравилось: номера тесные, вход почти всегда через столовую, цена завышена, звукоизоляция плохая (точнее ее нет)",3.0,ru,2022-09-10
yandex_1166317683_1539f9f07f2fde3d,yandex,1166317683,"Круглосуточное питание. Очень вкусно, огромный ассортимент.",5.0,ru,2025-09-07
yandex_1166317683_0a01976c5111694d,yandex,1166317683,"Всегда останавливаюсь в этом отеле. Приятный персонал, чисто, уютно. Вкусно и сытно кормят. Всем рекомендую",5.0,ru,2023-02-09
yandex_1166317683_72158cf40f976cd1,yandex,1166317683,"Номера не дорогие, внизу, на 1ом этаже есть домовая кухня. Готовят вкусно. Завтрак включен в счет.",5.0,ru,2022-01-19
yandex_1166317683_249854b3d918f915,yandex,1166317683,"Отличная гостиница, все чисто, на первом этаже хорошая столовая. Персонал адекватный. Теперь только сюда",5.0,ru,2022-07-01
yandex_1166317683_d8e1a4072da8ed4b,yandex,1166317683,"Отличная гостиница, далековато от центра города, остальное ок",5.0,ru,2026-02-23
yandex_1166317683_4a02fba9fbe8e018,yandex,1166317683,"Хорошая столовая,внутри туалет,умывальник.Еда выдаётся на подносах.",5.0,ru,2025-09-05
yandex_1166317683_e566c24810515396,yandex,1166317683,Там был еда у них вкусный. Комната чисто. Обслуживания тоже хороший. В номере тишина. Лишний звуков нет все на 5,5.0,ru,2022-12-14
yandex_1166317683_0f758ff562f3c3bd,yandex,1166317683,"Приятные номера, вежливый персонал. Хорошая, недорогая и вкусная круглосуточная столовая.",5.0,ru,2019-11-23
yandex_1166317683_c8e7aa86d103d986,yandex,1166317683,Гостиница отличная. Но её нахождение под трубами казцынка всё портит.,4.0,ru,2025-02-25
yandex_1166317683_eafcd3e93a4a025a,yandex,1166317683,"Каждый год заказываю пироги. Вкусно, доступно, в срок.",5.0,ru,2025-12-11
yandex_1166317683_14c576ef9fad8fbb,yandex,1166317683,"Хорошая гостиница для рабочих командировок, всегда чистые номера и приветливый персонал. Доступная цена номеров. Плотный завтрак. На первом этаже можно и пообедать и поужинать.",5.0,ru,2022-07-28
yandex_1166317683_d2ad8525bdbdcb5d,yandex,1166317683,Еда чистота номера атмосфера,5.0,ru,2026-02-23
yandex_1166317683_06d32aecb65971cf,yandex,1166317683,Вроде норм я два дня ночевала если постель поменяли бы каждый день то будет ише лучше:-),5.0,ru,2026-02-04
yandex_1166317683_395fd033c2e1ebd5,yandex,1166317683,"Хороший отель, чистое постельное белье. Завтрак включён. Доволен.",5.0,ru,2022-07-08
yandex_1166317683_d04461387f9de02d,yandex,1166317683,Отлично. Кормят по домашнему. Не как после фаст-фуда. Поел и наелся как дома Всегда ходим при возможности,5.0,ru,2024-10-03
yandex_1166317683_fa91055d649b7ec6,yandex,1166317683,Бюджетный вариант с плохим завтраком,3.0,ru,2025-07-01
yandex_1166317683_25235b6ccfd40469,yandex,1166317683,"Чисто, доброжелательно, хорошая кухня",5.0,ru,2023-06-18
yandex_1166317683_232992c049ec05bc,yandex,1166317683,"Столовая отличная, но гостиница очень дорого. Раньше брали за пол суток 6000 тн. Заезжал в 7 часов вечера и выезжал в 7 часов утра. Теперь требуют 12000. Заезд якобы теперь считают с 12 часов дня.",4.0,ru,2019-10-10
yandex_1166317683_a27384987c30a949,yandex,1166317683,Все супер. Столовая работает до 00ч. Цены приемлемые.,5.0,ru,2024-06-23
yandex_1166317683_eaef5f97101a8757,yandex,1166317683,Гостиница на высшем уровне. Администратор молодец. Если буду в Усть - Каменогорске то только туда!,5.0,ru,2024-05-08
yandex_1166317683_a6ba61faf9a9294d,yandex,1166317683,Хорошее место. Вкусно кормят. Нестабильный интернет,5.0,ru,2024-07-27
yandex_1166317683_3b62265c4f89a996,yandex,1166317683,"Очень уютная гостиница! Спасибо, девочки! Очень внимательные и заботливые!",5.0,ru,2021-08-09
yandex_1166317683_c1b7d254643432ad,yandex,1166317683,"Отличные номера, отличная круглосуточная столовая, пока всем довольны.",5.0,ru,2020-01-12
yandex_1166317683_05914bc54abffdf6,yandex,1166317683,"Для меня отличный выбор цена/качество. Отличная круглосуточная столовая, чистые номера и вежливый персонал",5.0,ru,2019-08-14
yandex_1166317683_757a605a4d6e2923,yandex,1166317683,"Чисто, уютно, не дорого, рядом круглосуточно работает столовая",5.0,ru,2018-12-24
yandex_1166317683_6c5f148747247f62,yandex,1166317683,Крутая столовая и номера уютные,5.0,ru,2025-09-22
yandex_1166317683_5ba9af7fa5324bc0,yandex,1166317683,"Хорошая перевалочная точка при путешествии на байке через Шемонаиху и дальше. Дружелюбный персонал, недорогое питание а ля вилка ложка.",5.0,ru,2024-03-17
yandex_1166317683_b7d973788ff0952d,yandex,1166317683,Отличное место где можно вкусно покушать.,5.0,ru,2025-11-24
yandex_1166317683_801e791195490a78,yandex,1166317683,Очень хорошая гостиница в нормальном районе за адекватные деньги,5.0,ru,2023-08-05
yandex_1166317683_aa6852f237b65ff4,yandex,1166317683,"Обслуживание 5+, Завтра 5+ Чисто",5.0,ru,2025-07-08
yandex_1166317683_2098fec6145286ec,yandex,1166317683,"Отлично 👌, чисто и уютно 305 номер",5.0,ru,2024-08-31
yandex_1166317683_da7bfec0a61e0354,yandex,1166317683,"Слабый интернет, постоянный запах столовой, находящейся на первом этаже.",3.0,ru,2018-11-28
yandex_1166317683_9f26f04bbafdec57,yandex,1166317683,Отличное заведение. Персонал вежливый .классная выпечка.,5.0,ru,2022-06-26
yandex_1166317683_8fef4868436a76f5,yandex,1166317683,Всегда вкусная и свежая еда.,5.0,ru,2025-04-23
yandex_1166317683_05fc874b2f2d8040,yandex,1166317683,Все чистое и новое. Хорошая столовая. Завтрак включён.,5.0,ru,2021-04-26
yandex_1166317683_9325cf0b385bb627,yandex,1166317683,"Всё на высоте, только холодно в номере",4.0,ru,2022-12-17
yandex_1166317683_0e89614517a11d95,yandex,1166317683,Отличная гостишка своего уровня,5.0,ru,2025-07-14
yandex_1166317683_929eb22ddc002539,yandex,1166317683,Уютно. Чисто. Хорошая столовая.,5.0,ru,2024-03-17
yandex_1166317683_dbc596250ced3646,yandex,1166317683,Хорошая Очень. Понравилась,5.0,ru,2025-03-13
yandex_1166317683_181c49fa82b64986,yandex,1166317683,👌 хорошая гостиница! Приятный и вежливый персонал! В общем понравилось!,5.0,ru,2024-08-04
yandex_1166317683_af1f8f10523215b6,yandex,1166317683,"Хорошая гостиница с хорошей столовой , советую !",5.0,ru,2021-01-27
yandex_1166317683_d274c35f64b6fc3d,yandex,1166317683,"Завтраки отличные, номера чистые",5.0,ru,2022-06-27
yandex_1166317683_593aeeb90c512403,yandex,1166317683,"Свежая, качественная еда. Большой, разнообразный выбор.",5.0,ru,2023-01-24
yandex_1166317683_7bbf2eef3c73ab68,yandex,1166317683,"В своём ценовом сегменте, один из лучших отелей в Усть-Каменогорске.",4.0,ru,2022-05-26
yandex_1166317683_52ae70a61a0f863b,yandex,1166317683,"Часто хожу, всё устраивает",5.0,ru,2025-09-11
yandex_1166317683_9ee1a7ef157851b2,yandex,1166317683,Супер классная гостиница!,5.0,ru,2025-07-06
yandex_1166317683_6d09ea2fe46cc43a,yandex,1166317683,Цена соответствует действительности,1.0,ru,2025-10-19
yandex_1166317683_42edac77017a4b64,yandex,1166317683,"Цены в столовой кусаются, но еда готовиться неплохо",4.0,ru,2020-04-03
yandex_1166317683_ac67fc56165988f6,yandex,1166317683,Прекрасное место. Теперь будем останавливаться только здесь.,5.0,ru,2024-07-22
yandex_1166317683_1168b125a226c83b,yandex,1166317683,Отличная гостиница с отличной кухней,5.0,ru,2021-04-20
yandex_142699215802_cfb0dbca6666efe8,yandex,142699215802,"Очень понравился отель, небольшой, но очень уютный. В номере есть кондиционер, душ, туалет , стиральная машина, миникухня, плита, холодильник. Находиться в центре города. У отеля есть своя изюминка, у каждого номера есть свой стиль и свое название. Мы проживали в номере ГАЛАКТИКА. В следующую поездку в Казахстан, воспользуюсь услугами именно этого отеля",5.0,ru,2025-06-09
yandex_142699215802_b443438c6c599892,yandex,142699215802,"Слышимость ужасная,я всю ночь не спала,было слышно как за стеной вели разговоры и я слышала все, сколько мужиков было,что от тоналки прыщи и прочую муть,а потом пол ночи кого то рвало,как вспомню,так мерзко.Сама гостиница чистая,работники внимательные.Если бы не слышимость,то возможно я бы ещё вернулась.Хозяину на заметку.Ах да,мы были на первом этаже и в ванной комнате дыра где сливная труба,слышно все звуки сверху",3.0,ru,2025-07-15
yandex_142699215802_a95692c5d89cab06,yandex,142699215802,"Номер чистый,тёплый, соответствует фото. Администраторы вежливые, документы готовят сразу. Расположение в городе удобное.",5.0,ru,2026-02-24
yandex_142699215802_d05a71616c098c80,yandex,142699215802,"Здравствуйте, в принципе, хороший семейный мини-отель. Но не было в наш щаезд интернета. Не работал телевизор и Wi-Fi. Это, конечно большой минус. Хорошо, что мы были меньше суток, только 1 ночь",4.0,mixed,2025-08-04
yandex_142699215802_b1e1c64a393eedb6,yandex,142699215802,"Отличный отель! Отличный персонал ! Рекомендую,если у вас командировка , забронировать номер! Процветания Вам,Гостиный Двор Асар!",5.0,ru,2026-05-26
yandex_142699215802_ceb3a98d5c8315c7,yandex,142699215802,"Это было совсем плохо. При заселении просят чтобы бахилы надевали. Но в номере длинные волосы от прежних гостей. Хотели принять душ, дверце развалился. Планы поменЛись",1.0,ru,2025-07-20
yandex_142699215802_020e3fd6a1f86744,yandex,142699215802,Из плюсов удобное расположение. Из минусов после отъезда предъявили претензии про не существуюший утюг)))Юмористы...,3.0,ru,2026-01-03
yandex_142699215802_0abd12c98886ff14,yandex,142699215802,"Очень классное место! Довелось побывать в Гостевом доме в конце мая, остались только положительные впечатления!",5.0,ru,2026-06-05
yandex_142699215802_f0d882f3d07ef678,yandex,142699215802,Дорога к гостинице просто жесть. Ходил два раза. Испачкался два раза. Только на машине туда ехать и уезжать,3.0,ru,2025-10-16
yandex_142699215802_418acb5949fa607f,yandex,142699215802,Обслуживание на высоте. Тихий район города,5.0,ru,2026-02-09
yandex_142699215802_da491f3a5000a598,yandex,142699215802,УЖАСНОЕ МЕСТО ДУШНО ВЕНТИЛЯЦИЯ ОТСУТСТВУЕТ СТЕНЫ ТОНКИЕ ЧЕРЕЗ НТЗ ВСЕ СЛЫШНО УЖАСНО,2.0,ru,2025-07-13
yandex_142699215802_8b321397af82aef5,yandex,142699215802,Не соответствует описанию.,1.0,ru,2025-05-31
yandex_142699215802_71ce16cf5ff29a44,yandex,142699215802,"Мне понравилось, но есть м минусы",4.0,ru,2025-08-28
yandex_115449611008_6174cc22d6313a03,yandex,115449611008,"Удобно расположенный, вежливый персонал, принимают оплату через Каспи-QR. Один из самых дешёвых вариантов размещения в Усть-Каменногорске, номер большой, просторный. Единственно, что достаточно прохладно, пока нет отопления. Также только один туалет, совмещённый с ванной, на всех проживающих. Если кто то зайдёт с целью помыться, напевая при этом песни, то придётся минут 20 ждать, пока он или она закончит...",4.0,mixed,2024-09-21
yandex_115449611008_6b38ffb5a5fe06b0,yandex,115449611008,"Ставлю 5 звезд как мини-отелю: очень хорошее для своего класса и бюджета место. Тихо-спокойно-комфортно. Для неприхотливых путешественников - самое то. Внутри гостиницы вас попросят переобуться в домашнюю обувь, все чистенько. В номере - койка, шкаф, розетки. Что очень важно, на окне есть москитка - весьма продуманная деталь. Удобства, холодильник, кухня - в коридоре (что логично: это вам не супер-отель-пятьсот-звезд), но это особо не напрягает, т.к. номеров и - соответственно - постояльцев - мало. На кухне если что можно приготовить полноценный обед. Ах, да, Wi-Fi в наличии есть, работает без нареканий. Владельцы гостиницы - приятные отзывчивые люди, пошли нам навстречу, когда мы приехали на 2 часа раньше - заселили без доплаты. По мере сил помогали в решении наших мелких бытовых вопросов. Да, есть какие-то недостатки бытового характера, но, уверен, их решат (отель только-только открылся). Если понадобится снова посетить Усть-Каменогорск, с удовольствием поселюсь в этом отеле еще раз.",5.0,mixed,2024-08-10
yandex_115449611008_4e51a3773b479be1,yandex,115449611008,"Хорошая гостиница. Уютно, тихо, спокойно, комфортно и все рядом есть необходимое. Фото соответствуют реальности на 100%.",5.0,ru,2024-11-14
yandex_115449611008_128f6054af9a9b0c,yandex,115449611008,"Очень хорошая гостиница,внутри как дома всё необходимое есть всё чисто и аккуратно администрация очень приветливые и добродушные.",5.0,ru,2024-08-25
yandex_115449611008_ce2b750eea11be68,yandex,115449611008,"Хороша уютная гостиница вежливый персонал, комнаты опрятные чистые ,советую",5.0,ru,2025-09-27
yandex_115449611008_4fbe28c05d9b98c6,yandex,115449611008,"Отель - как дома и этим все сказано. Чисто, удобно, уютно.",5.0,ru,2026-02-16
yandex_115449611008_1efac5c3f71f40cf,yandex,115449611008,Отличная семейная гостиница. Тихо уютно как дома.,5.0,ru,2025-08-21
yandex_115449611008_b2b2eec991279895,yandex,115449611008,"Позавчера заехала в 23.00, увидев инфу на их странице в Инсте, за 4 тыс.тенге. Мне нужно было только переночевать, т.к. с утра мне нужно было в дорогу. Сидел мужчина, выскомерие так и перло из него, как будто он хозяин, как минимум Ритц-Карлтон. Обсмотрел меня с головы до ног, а я ехала с Катона, после рафиинга переоделась во что нашла, так как обмокла. И заявил, что таких цен, как 4000 тенге нет! После того, как ему ткнула в его очки скрином из их странички в Инсте, завизжал: место только в общем помещении, что я сделаю, если ночью придет МУЖЧИНА?!!! То есть женщину можно не пустить среди ночи переночевать, потому что он переживает за мужчин!!!",1.0,ru,2024-08-06
yandex_115449611008_5f4abb58063ae395,yandex,115449611008,"Чисто, удобно, тихо... Несколько дней был там, пьяных и любовников замечено не было.",5.0,ru,2025-02-25
yandex_115449611008_34274b822a5926f2,yandex,115449611008,"Нам все понравилось, супер сервис",5.0,ru,2026-04-12
google_maps_0x42eb45bba05c7713:0x92461d68b5b74fc5_ChdDSUhNMG9nS0VJQ0FnSUQzczhITDB3RRAB,google_maps,0x42eb45bba05c7713:0x92461d68b5b74fc5,"Дом металлургов — это значимый архитектурный объект в Усть-Каменогорске, который отражает богатую историю города. Здание отличается интересным дизайном в стиле советской эпохи и служит напоминанием о трудовой славе металлургов, сыгравших ключевую роль в развитии региона. Внешний вид дома может показаться слегка устаревшим, но он сохраняет атмосферу прошлого и вызывает чувство ностальгии. Место удобно расположено, привлекает как туристов, так и местных жителей. Было бы здорово, если бы его немного обновили, сохранив историческую ценность. Рекомендуется к посещению, особенно тем, кто интересуется историей города.",5.0,ru,
google_maps_0x42eb45bba05c7713:0x92461d68b5b74fc5_ChdDSUhNMG9nS0VJQ0FnSUNqby1HaTdBRRAB,google_maps,0x42eb45bba05c7713:0x92461d68b5b74fc5,"""Театр начинается с вешалки"".... Так вот, в кассе сидит женщина, которая кроме ханства ничего не умеет!! Желание покупать билеты сразу пропадает! На окне кассы написано, что обед с 13 до 14, окно перед нами захлопнули в12.16, со словом ""у меня обед"".. И это потому что, мы сразу не купили билеты, а взяли время подумать и обсудить на какие места взять (( Администрация ДКМ, обратите внимание, я думаю, это не единственный случай!",1.0,ru,
google_maps_0x42eb45bba05c7713:0x92461d68b5b74fc5_ChdDSUhNMG9nS0VJQ0FnSUQ3bGVldWpRRRAB,google_maps,0x42eb45bba05c7713:0x92461d68b5b74fc5,"Любимый Дворец Культуры Металлургов, самый красивый, величественный!",5.0,ru,
google_maps_0x42eb45bba05c7713:0x92461d68b5b74fc5_ChdDSUhNMG9nS0VJQ0FnSUREcWJpNGxRRRAB,google_maps,0x42eb45bba05c7713:0x92461d68b5b74fc5,"Когда начинающие певцы приезжают, надо их тоже уважать, а не только знаменитости, дети бегали впереди а родители их не остановливают, контролёры почему замечания не делают, хотелось бы молодых талантов поддержать и уважать их выступление, чтобыбыла контроль в зале из администраций",5.0,ru,
google_maps_0x42eb45bba05c7713:0x92461d68b5b74fc5_ChZDSUhNMG9nS0VJQ0FnSUNDaXY3WVpnEAE,google_maps,0x42eb45bba05c7713:0x92461d68b5b74fc5,"Когда-то было культовое место. Проводилось множество мероприятий, концерты, спектакли. Была обширная библиотека. Предоставлялась возможность заниматься в многочисленных кружка и секциях. Снаружи был обрамлен великолепными лицами, в тени которых было приятно провести время, как днем, так и вечером. Но реформаторы и рукожопые архитекторы многое уничтожили. Теперь перед главным фасадом растут саблеподобные облезлые ёлки, липы уничтожены вслед за гранитной окантовкой (по ней, кстати, нравилось ходить детям), по бокам дворца газоны с бурьяном да лавки на палящем солнце. Что внутри - не могу сказать.",4.0,ru,
google_maps_0x42eb45bba05c7713:0x92461d68b5b74fc5_ChZDSUhNMG9nS0VJQ0FnSURXMW9fbkF3EAE,google_maps,0x42eb45bba05c7713:0x92461d68b5b74fc5,"Я так понимаю скоро, там где фонтан будет памятник и название вроде (площадь Ушанова ver.2) ведь сотрудники металлургического комплекса действительно дружный коллектив...... И это их город. Не советую портить НАШ Пантеон.......",5.0,mixed,
google_maps_0x42eb45bba05c7713:0x92461d68b5b74fc5_ChZDSUhNMG9nS0VJQ0FnSUNwOUtHOVlREAE,google_maps,0x42eb45bba05c7713:0x92461d68b5b74fc5,"Красивое здание,как говорится,и по виду и по содержанию.Перд зданием располагается фонтан неподалеку от которого находятся деревья,а под ними лавочки на которых можно насладиться отдыхом и красотой этого места",5.0,ru,
google_maps_0x42eb45bba05c7713:0x92461d68b5b74fc5_ChZDSUhNMG9nS0VJQ0FnSUQ2NWJfWkV3EAE,google_maps,0x42eb45bba05c7713:0x92461d68b5b74fc5,"Обожаю советский ампир!Очень люблю мозаики и фрески Дворца.Считаю что их вполне можно причислить к культурному наследию - это огромный труд художников, архитекторов, проектировщиков 20 века.... И сохранить!сохранить непременно!",5.0,ru,
google_maps_0x42eb45bba05c7713:0x92461d68b5b74fc5_ChdDSUhNMG9nS0VJQ0FnSUQ2LUxpNDFBRRAB,google_maps,0x42eb45bba05c7713:0x92461d68b5b74fc5,"Мне нравится он своим внешним видом, внутренней отделкой и убранством Чувствуется уют и позитив который незримо присутствует, но его ощущаешь когда идёшь внутри ДКМ Я думаю он является неотъемлимой частью культуры и истории нашего города",5.0,ru,
google_maps_0x42eb45bba05c7713:0x92461d68b5b74fc5_ChZDSUhNMG9nS0VJQ0FnTURvdG9XOUVnEAE,google_maps,0x42eb45bba05c7713:0x92461d68b5b74fc5,"Ух-ты, это же культное здание",5.0,ru,
google_maps_0x42eb45bba05c7713:0x92461d68b5b74fc5_ChdDSUhNMG9nS0VJQ0FnSUNPdk5LNDlRRRAB,google_maps,0x42eb45bba05c7713:0x92461d68b5b74fc5,Одно слово ДВОРЕЦ! Пусть остаётся в том же статусе. Тридцать лет назад посещала этот дворец в качестве ученицы бальных танцев. Сегодня были ностальгические воспоминания.,5.0,ru,
google_maps_0x42eb45bba05c7713:0x92461d68b5b74fc5_ChZDSUhNMG9nS0VJQ0FnSUN3OF9EQ1dBEAE,google_maps,0x42eb45bba05c7713:0x92461d68b5b74fc5,Сейчас там дом дружбы народов,5.0,ru,
google_maps_0x42eb45bba05c7713:0x92461d68b5b74fc5_ChZDSUhNMG9nS0VJQ0FnSUM4OTRlQkR3EAE,google_maps,0x42eb45bba05c7713:0x92461d68b5b74fc5,"Сидели возле фонтана. Птички все обкакали,вид сразу портится,ребенка близко к фонтану не подпустишь. Администрации стоит задуматься об этом. Звезду одну за это сняла.",4.0,ru,
google_maps_0x42eb45bba05c7713:0x92461d68b5b74fc5_ChZDSUhNMG9nS0VJQ0FnSUNHeDlIRUVBEAE,google_maps,0x42eb45bba05c7713:0x92461d68b5b74fc5,Очень красиво. Была в фирме Bizkom восстановили утраченные фото и документы. Фирма- высший класс. Починили USB- разъемы.,5.0,mixed,
google_maps_0x42eb45bba05c7713:0x92461d68b5b74fc5_ChdDSUhNMG9nS0VJQ0FnSURTbXQtUDdnRRAB,google_maps,0x42eb45bba05c7713:0x92461d68b5b74fc5,"Дом Дружбы Народов - мир добра, гостеприимства, культуры, добрых и бескорыстных людей. Стартовая площадка для молодых дарований, центр разностороннего развития детей.",5.0,ru,
google_maps_0x42eb45bba05c7713:0x92461d68b5b74fc5_ChZDSUhNMG9nS0VJQ0FnSUNteHVueVdnEAE,google_maps,0x42eb45bba05c7713:0x92461d68b5b74fc5,"Симпатичный район с красивой архитектурой зданий , в советском союзе умели строить, я считаю :)",5.0,ru,
google_maps_0x42eb45bba05c7713:0x92461d68b5b74fc5_ChZDSUhNMG9nS0VJQ0FnSUNaM2Uzd1h3EAE,google_maps,0x42eb45bba05c7713:0x92461d68b5b74fc5,"Персонал ужасный.Пришли взять билет на шоу , не кого небыло на кассе , мы постучали, но вышла вохтерша начала на нас орать якобы уже говарила нам что кассирша на обеде , хотя говарила это совершенно другим людям , а мы об этом совсем не знали (",1.0,ru,
google_maps_0x42eb45bba05c7713:0x92461d68b5b74fc5_ChZDSUhNMG9nS0VJQ0FnSUQwcHU3YlVREAE,google_maps,0x42eb45bba05c7713:0x92461d68b5b74fc5,"Дух СССР ещё во многом сохранился. Редкость в наше время. Научимся ценить, когда получим это в виде моды из-за границы 😁😁😁 …",5.0,ru,
google_maps_0x42eb45bba05c7713:0x92461d68b5b74fc5_ChdDSUhNMG9nS0VJQ0FnSUR1X29mdGhBRRAB,google_maps,0x42eb45bba05c7713:0x92461d68b5b74fc5,"Отличное место, занятие танцами бесплатно. Большая удобная студия для занятий. Концертный зал.",5.0,ru,
google_maps_0x42eb45bba05c7713:0x92461d68b5b74fc5_ChdDSUhNMG9nS0VJQ0FnSURXLW8yWGlnRRAB,google_maps,0x42eb45bba05c7713:0x92461d68b5b74fc5,Дкм очень хорошой место Наурыз. Было очень приятно было. Я даже подарок получила,5.0,ru,
google_maps_0x42eb45bba05c7713:0x92461d68b5b74fc5_ChdDSUhNMG9nS0VJQ0FnSUNtNmFlMWxRRRAB,google_maps,0x42eb45bba05c7713:0x92461d68b5b74fc5,"Хорошее место что бы пофотаться,считаю что это лучший Дворец культуры!",5.0,ru,
google_maps_0x42eb45bba05c7713:0x92461d68b5b74fc5_ChZDSUhNMG9nS0VJQ0FnSURLN00zdEtREAE,google_maps,0x42eb45bba05c7713:0x92461d68b5b74fc5,Для нашего города хороший парк. Но больше бы аттракционов для молодëжи,4.0,ru,
google_maps_0x42eb45bba05c7713:0x92461d68b5b74fc5_ChZDSUhNMG9nS0VJQ0FnSUNkbVB2WlBnEAE,google_maps,0x42eb45bba05c7713:0x92461d68b5b74fc5,Прекрасное здание сохранившее свой исторический облик,5.0,ru,
google_maps_0x42eb45bba05c7713:0x92461d68b5b74fc5_ChZDSUhNMG9nS0VJQ0FnSURjLUxTZ1FBEAE,google_maps,0x42eb45bba05c7713:0x92461d68b5b74fc5,"Значимое место для города. Сколько лет пытаются довести до ума, но все равно остаются косяки.",4.0,ru,
google_maps_0x42eb45bba05c7713:0x92461d68b5b74fc5_ChdDSUhNMG9nS0VJQ0FnSUNpNnBxQjBRRRAB,google_maps,0x42eb45bba05c7713:0x92461d68b5b74fc5,Очень красивый памятник архитектуры Память о советском союзе,5.0,ru,
google_maps_0x42eb45bba05c7713:0x92461d68b5b74fc5_ChZDSUhNMG9nS0VJQ0FnSUN3OE56Q0l3EAE,google_maps,0x42eb45bba05c7713:0x92461d68b5b74fc5,"Живу напротив.часто гуляем там с ребенком.Скамейки, фонтан, детвора....нам нравится.",5.0,ru,
google_maps_0x42eb45bba05c7713:0x92461d68b5b74fc5_ChdDSUhNMG9nS0VJQ0FnSUN5aGZiaTl3RRAB,google_maps,0x42eb45bba05c7713:0x92461d68b5b74fc5,Не плохо но есть одно фасад отдыхает,4.0,ru,
google_maps_0x42eb45bba05c7713:0x92461d68b5b74fc5_ChZDSUhNMG9nS0VJQ0FnSUM4c29DSkNBEAE,google_maps,0x42eb45bba05c7713:0x92461d68b5b74fc5,Возле Дома культуры Металлургов лавочки удобные спокойная атмосфера фантан бьёт свеженько😁 …,5.0,ru,
google_maps_0x42eb45bba05c7713:0x92461d68b5b74fc5_ChdDSUhNMG9nS0VJQ0FnSURhdjVUaXRRRRAB,google_maps,0x42eb45bba05c7713:0x92461d68b5b74fc5,Красивое место. Вид прям как Большой театр),4.0,ru,
google_maps_0x42eb45bba05c7713:0x92461d68b5b74fc5_ChdDSUhNMG9nS0VJQ0FnSUQ4dV91SXFRRRAB,google_maps,0x42eb45bba05c7713:0x92461d68b5b74fc5,"Я живу,1986.г.очень привык люблю наш.квартал.",1.0,ru,
google_maps_0x42eb45bba05c7713:0x92461d68b5b74fc5_ChdDSUhNMG9nS0VJQ0FnSURiZ2FPZzhBRRAB,google_maps,0x42eb45bba05c7713:0x92461d68b5b74fc5,Самые лучшие воспоминания . Спасибо!,5.0,ru,
google_maps_0x42eb45bba05c7713:0x92461d68b5b74fc5_ChdDSUhNMG9nS0VJQ0FnSUNMbElPUnh3RRAB,google_maps,0x42eb45bba05c7713:0x92461d68b5b74fc5,Очень хороший дворец!,5.0,ru,
google_maps_0x42eb45bba05c7713:0x92461d68b5b74fc5_ChdDSUhNMG9nS0VJQ0FnSUQ4eTlMNmlnRRAB,google_maps,0x42eb45bba05c7713:0x92461d68b5b74fc5,"Это уже не ДКМ, а дом дружбы народов!",3.0,ru,
google_maps_0x42eb45bba05c7713:0x92461d68b5b74fc5_ChdDSUhNMG9nS0VJQ0FnSUNQd05ic2dRRRAB,google_maps,0x42eb45bba05c7713:0x92461d68b5b74fc5,Очень красивое место,5.0,ru,
google_maps_0x42eb45bba05c7713:0x92461d68b5b74fc5_ChZDSUhNMG9nS0VJQ0FnSUNfbC1HV1RnEAE,google_maps,0x42eb45bba05c7713:0x92461d68b5b74fc5,Конечно нравится,5.0,ru,
google_maps_0x42eb45bba05c7713:0x92461d68b5b74fc5_ChZDSUhNMG9nS0VJQ0FnSUMwbU43akJnEAE,google_maps,0x42eb45bba05c7713:0x92461d68b5b74fc5,Да потому что это моё детство!),5.0,ru,
google_maps_0x42eb45bba05c7713:0x92461d68b5b74fc5_ChZDSUhNMG9nS0VJQ0FnSURxZ1phVGZnEAE,google_maps,0x42eb45bba05c7713:0x92461d68b5b74fc5,"Воды по колено, в прямом смысле",2.0,ru,
google_maps_0x42eb45bba05c7713:0x92461d68b5b74fc5_ChdDSUhNMG9nS0VJQ0FnSURoMGVYX3JnRRAB,google_maps,0x42eb45bba05c7713:0x92461d68b5b74fc5,Хз зачем он существует,3.0,ru,
google_maps_0x42eb45bba05c7713:0x92461d68b5b74fc5_ChZDSUhNMG9nS0VJQ0FnSURTa29hLUpBEAE,google_maps,0x42eb45bba05c7713:0x92461d68b5b74fc5,Администратор ведет себя некорректно,1.0,ru,
google_maps_0x42eb45bba05c7713:0x92461d68b5b74fc5_ChdDSUhNMG9nS0VJQ0FnSUNxdU96UjZ3RRAB,google_maps,0x42eb45bba05c7713:0x92461d68b5b74fc5,Отличное место просто фантастика,5.0,ru,
google_maps_0x42eb45bba05c7713:0x92461d68b5b74fc5_ChdDSUhNMG9nS0VJQ0FnSUNXOExfM3ZBRRAB,google_maps,0x42eb45bba05c7713:0x92461d68b5b74fc5,Фотнан не работает,3.0,ru,
google_maps_0x42eb45bba05c7713:0x92461d68b5b74fc5_ChdDSUhNMG9nS0VJQ0FnSUNxOTZyVm5RRRAB,google_maps,0x42eb45bba05c7713:0x92461d68b5b74fc5,Отличный место!!! Советую.,5.0,ru,
google_maps_0x42eb45bba05c7713:0x92461d68b5b74fc5_ChZDSUhNMG9nS0VJQ0FnSURnbU1qekdnEAE,google_maps,0x42eb45bba05c7713:0x92461d68b5b74fc5,Магазин цветов орхидея,5.0,ru,
google_maps_0x42eb45bba05c7713:0x92461d68b5b74fc5_ChZDSUhNMG9nS0VJQ0FnSURlaUtUdUd3EAE,google_maps,0x42eb45bba05c7713:0x92461d68b5b74fc5,Хороший зал,5.0,ru,
google_maps_0x42eb45bba05c7713:0x92461d68b5b74fc5_ChdDSUhNMG9nS0VJQ0FnSURBeDdLTnB3RRAB,google_maps,0x42eb45bba05c7713:0x92461d68b5b74fc5,Я здесь вырос,5.0,ru,
google_maps_0x42eb45bba05c7713:0x92461d68b5b74fc5_ChdDSUhNMG9nS0VJQ0FnSUNXeEp1Vmx3RRAB,google_maps,0x42eb45bba05c7713:0x92461d68b5b74fc5,Напоминание о СССР....,4.0,ru,
google_maps_0x42eb45bba05c7713:0x92461d68b5b74fc5_ChZDSUhNMG9nS0VJQ0FnSUR5anRqT1JREAE,google_maps,0x42eb45bba05c7713:0x92461d68b5b74fc5,Что вас интересует?,3.0,ru,
google_maps_0x42eb45bba05c7713:0x92461d68b5b74fc5_ChZDSUhNMG9nS0VJQ0FnSURDdXNyckN3EAE,google_maps,0x42eb45bba05c7713:0x92461d68b5b74fc5,Отличный праздник,5.0,ru,
google_maps_0x42eb45bba05c7713:0x92461d68b5b74fc5_ChdDSUhNMG9nS0VJQ0FnSUQwcHAtUTN3RRAB,google_maps,0x42eb45bba05c7713:0x92461d68b5b74fc5,очень красиво,5.0,ru,
google_maps_0x42eb45bba05c7713:0x92461d68b5b74fc5_ChZDSUhNMG9nS0VJQ0FnSURpMExtMEFnEAE,google_maps,0x42eb45bba05c7713:0x92461d68b5b74fc5,Круче чем КШТ,5.0,ru,
google_maps_0x42eb45bba05c7713:0x92461d68b5b74fc5_ChZDSUhNMG9nS0VJQ0FnSURHcVBPT0pBEAE,google_maps,0x42eb45bba05c7713:0x92461d68b5b74fc5,Родной квартал...,5.0,ru,
google_maps_0x42eb45bba05c7713:0x92461d68b5b74fc5_ChdDSUhNMG9nS0VJQ0FnSUNnMG9MeXFRRRAB,google_maps,0x42eb45bba05c7713:0x92461d68b5b74fc5,Древнее местечко,5.0,ru,
google_maps_0x42eb45bba05c7713:0x92461d68b5b74fc5_ChZDSUhNMG9nS0VJQ0FnSUNzd3BQTWJ3EAE,google_maps,0x42eb45bba05c7713:0x92461d68b5b74fc5,Хорошое место,5.0,ru,
google_maps_0x42eb45bba05c7713:0x92461d68b5b74fc5_ChdDSUhNMG9nS0VJQ0FnSURndnNiLTZnRRAB,google_maps,0x42eb45bba05c7713:0x92461d68b5b74fc5,Застывшая история,5.0,ru,
google_maps_0x42eb45bba05c7713:0x92461d68b5b74fc5_Ci9DQUlRQUNvZENodHljRjlvT21GdmQwZFBiekJSZERGc1MxUkhPWEJJWmt4V05GRRAB,google_maps,0x42eb45bba05c7713:0x92461d68b5b74fc5,"Нужно было заплатить 16 тысяч, чтобы капельдинеры — обслуживающий персонал — нахамили. Неожиданно! Творческих успехов мой любимый ДКМ!!!",1.0,ru,
google_maps_0x42eb45bba05c7713:0x92461d68b5b74fc5_ChZDSUhNMG9nS0VJQ0FnSUQ3bzQtOFp3EAE,google_maps,0x42eb45bba05c7713:0x92461d68b5b74fc5,"Я остановился у ворот Оска, крупнейшего города Восточного Казахстана, чтобы сделать фотографии. Когда я приехал около 4 утра, уже было светло. Людей и машин не было, много бесплатных парковочных мест, и вход бесплатный. В городе теперь есть центральное отопление и горячая вода; из угольных или газовых труб валил дым, и стоял легкий смог. Температура в полночь и утром была всего несколько градусов Цельсия, так холодно, что я не мог уснуть. Солнце выглянуло около 5 утра.",5.0,ru,
google_maps_0x42eb45bba05c7713:0x92461d68b5b74fc5_ChZDSUhNMG9nS0VJQ0FnSURvN0xfTGNREAE,google_maps,0x42eb45bba05c7713:0x92461d68b5b74fc5,"Подлинное здание сталинской эпохи, которое должно было стать культурным центром индустриального города. Мне нравятся внутренние пейзажи в стиле социалистического реализма и внешние скульптуры металлургов. До сих пор в этом здании проводятся различные мероприятия и концерты.",5.0,ru,
